Time,PosX,PosY,PosZ
1556456299.001,20405.84337141145,3565.157686191933,14844.834396158298
1556456299.251,20405.332243687848,3565.1924663381133,14845.52796640635
1556456299.501,20404.821093303904,3565.2272609399297,14846.221514307104
1556456299.751,20404.30992026075,3565.2620699981644,14846.915039859512
1556456300.001,20403.7987245595,3565.296893513604,14847.608543062539
1556456300.251,20403.28750620129,3565.3317314870364,14848.302023915137
1556456300.501,20402.776265187244,3565.3665839192427,14848.995482416263
1556456300.751,20402.265001518488,3565.401450811009,14849.688918564865
1556456301.001,20401.753715196144,3565.4363321631204,14850.382332359906
1556456301.251,20401.242406221343,3565.4712279763617,14851.075723800339
1556456301.501,20400.731074595205,3565.5061382515205,14851.769092885119
1556456301.751,20400.219720318863,3565.5410629893777,14852.462439613202
1556456302.001,20399.70834339344,3565.57600219072,14853.155763983548
1556456302.251,20399.19694382006,3565.6109558563303,14853.849065995106
1556456302.501,20398.68552159985,3565.6459239869955,14854.542345646834
1556456302.751,20398.17407673394,3565.6809065834996,14855.23560293769
1556456303.001,20397.66260922345,3565.715903646625,14855.928837866632
1556456303.251,20397.151119069516,3565.7509151771596,14856.622050432605
1556456303.501,20396.639606273257,3565.7859411758845,14857.315240634576
1556456303.751,20396.1280708358,3565.820981643586,14858.008408471494
1556456304.001,20395.61651275827,3565.856036581048,14858.701553942316
1556456304.251,20395.104932041795,3565.891105989054,14859.394677046006
1556456304.501,20394.593328687508,3565.926189868388,14860.087777781508
1556456304.751,20394.08170269653,3565.9612882198353,14860.780856147787
1556456305.001,20393.570054069984,3565.9964010441804,14861.473912143792
1556456305.251,20393.058382809006,3566.031528342204,14862.166945768484
1556456305.501,20392.546688914717,3566.0666701146943,14862.85995702082
1556456305.751,20392.034972388246,3566.101826362431,14863.552945899752
1556456306.001,20391.523233230713,3566.1369970862006,14864.245912404233
1556456306.251,20391.011471443257,3566.1721822867858,14864.938856533237
1556456306.501,20390.499687026997,3566.2073819649713,14865.6317782857
1556456306.751,20389.987879983062,3566.242596121539,14866.324677660585
1556456307.001,20389.47605031258,3566.277824757275,14867.01755465685
1556456307.251,20388.964198016678,3566.3130678729613,14867.710409273452
1556456307.501,20388.45232309648,3566.348325469379,14868.403241509346
1556456307.751,20387.94042555312,3566.3835975473157,14869.09605136349
1556456308.001,20387.42850538772,3566.4188841075515,14869.788838834836
1556456308.251,20386.91656260141,3566.454185150872,14870.481603922344
1556456308.501,20386.404597195316,3566.4895006780594,14871.174346624968
1556456308.751,20385.89260917057,3566.5248306898975,14871.867066941668
1556456309.001,20385.380598528292,3566.560175187168,14872.5597648714
1556456309.251,20384.868565269615,3566.5955341706535,14873.252440413122
1556456309.501,20384.356509395668,3566.630907641139,14873.945093565784
1556456309.751,20383.84443090757,3566.6662955994057,14874.63772432835
1556456310.001,20383.332329806464,3566.7016980462386,14875.33033269977
1556456310.251,20382.820206093464,3566.7371149824185,14876.02291867901
1556456310.501,20382.308059769704,3566.7725464087293,14876.715482265015
1556456310.751,20381.79589083631,3566.8079923259534,14877.408023456752
1556456311.001,20381.283699294414,3566.843452734873,14878.100542253174
1556456311.251,20380.771485145142,3566.8789276362704,14878.793038653235
1556456311.501,20380.25924838962,3566.9144170309296,14879.485512655901
1556456311.751,20379.746989028976,3566.9499209196306,14880.177964260118
1556456312.001,20379.23470706434,3566.9854393031583,14880.870393464851
1556456312.251,20378.722402496845,3567.0209721822944,14881.56280026905
1556456312.501,20378.210075327614,3567.0565195578206,14882.255184671678
1556456312.751,20377.697725557777,3567.092081430519,14882.947546671687
1556456313.001,20377.18535318846,3567.127657801172,14883.63988626804
1556456313.251,20376.67295822079,3567.163248670562,14884.33220345969
1556456313.501,20376.160540655907,3567.19885403947,14885.024498245599
1556456313.751,20375.64810049493,3567.2344739086802,14885.71677062472
1556456314.001,20375.13563773899,3567.2701082789727,14886.40902059601
1556456314.251,20374.623152389213,3567.3057571511304,14887.10124815843
1556456314.501,20374.11064444673,3567.3414205259332,14887.793453310926
1556456314.751,20373.598113912674,3567.377098404165,14888.485636052468
1556456315.001,20373.085560788168,3567.412790786606,14889.177796382013
1556456315.251,20372.572985074345,3567.4484976740387,14889.869934298513
1556456315.501,20372.060386772333,3567.4842190672443,14890.56204980093
1556456315.751,20371.547765883257,3567.5199549670056,14891.254142888214
1556456316.001,20371.035122408248,3567.555705374102,14891.946213559328
1556456316.251,20370.522456348444,3567.5914702893165,14892.638261813234
1556456316.501,20370.009767704963,3567.6272497134305,14893.330287648878
1556456316.751,20369.497056478944,3567.6630436472237,14894.022291065226
1556456317.001,20368.984322671506,3567.698852091478,14894.714272061236
1556456317.251,20368.471566283784,3567.734675046975,14895.406230635861
1556456317.501,20367.958787316908,3567.770512514495,14896.098166788062
1556456317.751,20367.445985772007,3567.80636449482,14896.7900805168
1556456318.001,20366.933161650213,3567.8422309887337,14897.481971821024
1556456318.251,20366.42031495265,3567.8781119970113,14898.173840699703
1556456318.501,20365.907445680452,3567.914007520436,14898.865687151781
1556456318.751,20365.394553834747,3567.9499175597903,14899.55751117623
1556456319.001,20364.881639416664,3567.9858421158533,14900.249312771994
1556456319.251,20364.36870242734,3568.0217811894054,14900.941091938046
1556456319.501,20363.85574286789,3568.057734781228,14901.632848673333
1556456319.751,20363.342760739462,3568.0937028921035,14902.324582976817
1556456320.001,20362.829756043175,3568.1296855228093,14903.016294847457
1556456320.251,20362.316728780163,3568.1656826741278,14903.707984284207
1556456320.501,20361.80367895155,3568.201694346838,14904.399651286025
1556456320.751,20361.290606558476,3568.2377205417206,14905.091295851882
1556456321.001,20360.777511602064,3568.2737612595583,14905.78291798072
1556456321.251,20360.26439408345,3568.309816501127,14906.4745176715
1556456321.501,20359.751254003757,3568.3458862672105,14907.166094923188
1556456321.751,20359.23809136412,3568.381970558589,14907.857649734739
1556456322.001,20358.724906165673,3568.418069376039,14908.549182105107
1556456322.251,20358.21169840954,3568.4541827203434,14909.240692033261
1556456322.501,20357.698468096853,3568.490310592283,14909.932179518146
1556456322.751,20357.18521522875,3568.526452992635,14910.623644558727
1556456323.001,20356.67193980635,3568.5626099221804,14911.315087153966
1556456323.251,20356.15864183079,3568.5987813816996,14912.006507302813
1556456323.501,20355.645321303204,3568.6349673719715,14912.697905004232
1556456323.751,20355.131978224716,3568.6711678937763,14913.389280257183
1556456324.001,20354.61861259646,3568.707382947894,14914.080633060625
1556456324.251,20354.105224419567,3568.7436125351014,14914.771963413503
1556456324.501,20353.591813695173,3568.7798566561805,14915.463271314798
1556456324.751,20353.0783804244,3568.8161153119113,14916.154556763457
1556456325.001,20352.564924608385,3568.852388503072,14916.845819758437
1556456325.251,20352.05144624826,3568.888676230443,14917.537060298695
1556456325.501,20351.537945345153,3568.9249784948006,14918.228278383198
1556456325.751,20351.024421900194,3568.9612952969264,14918.919474010901
1556456326.001,20350.51087591452,3568.9976266375993,14919.610647180762
1556456326.251,20349.99730738926,3569.033972517599,14920.301797891738
1556456326.501,20349.483716325543,3569.070332937703,14920.9929261428
1556456326.751,20348.970102724503,3569.1067078986907,14921.684031932891
1556456327.001,20348.456466587275,3569.143097401342,14922.375115260973
1556456327.251,20347.94280791498,3569.1795014464356,14923.066176126005
1556456327.501,20347.42912670876,3569.2159200347496,14923.757214526959
1556456327.751,20346.915422969745,3569.252353167062,14924.448230462782
1556456328.001,20346.401696699064,3569.2888008441523,14925.139223932441
1556456328.251,20345.88794789785,3569.3252630667994,14925.830194934882
1556456328.501,20345.374176567235,3569.3617398357815,14926.52114346908
1556456328.751,20344.86038270835,3569.398231151877,14927.21206953398
1556456329.001,20344.34656632233,3569.4347370158657,14927.902973128552
1556456329.251,20343.832727410303,3569.471257428524,14928.59385425175
1556456329.501,20343.318865973404,3569.5077923906306,14929.284712902536
1556456329.751,20342.804982012767,3569.544341902964,14929.975549079867
1556456330.001,20342.291075529516,3569.580905966304,14930.6663627827
1556456330.251,20341.777146524793,3569.6174845814257,14931.357154010006
1556456330.501,20341.26319499973,3569.65407774911,14932.047922760728
1556456330.751,20340.749220955455,3569.6906854701333,14932.738669033839
1556456331.001,20340.2352243931,3569.7273077452737,14933.429392828293
1556456331.251,20339.7212053138,3569.7639445753093,14934.12009414305
1556456331.501,20339.207163718685,3569.8005959610186,14934.810772977075
1556456331.751,20338.69309960889,3569.837261903179,14935.501429329313
1556456332.001,20338.179012985544,3569.8739424025684,14936.192063198738
1556456332.251,20337.66490384979,3569.9106374599633,14936.882674584303
1556456332.501,20337.15077220275,3569.947347076142,14937.57326348497
1556456332.751,20336.63661804556,3569.9840712518835,14938.2638298997
1556456333.001,20336.122441379357,3570.0208099879637,14938.954373827451
1556456333.251,20335.608242205264,3570.05756328516,14939.644895267185
1556456333.501,20335.094020524426,3570.0943311442484,14940.335394217855
1556456333.751,20334.57977633797,3570.1311135660108,14941.025870678433
1556456334.001,20334.06550964703,3570.1679105512194,14941.716324647867
1556456334.251,20333.551220452737,3570.204722100656,14942.406756125125
1556456334.501,20333.03690875623,3570.2415482150946,14943.09716510916
1556456334.751,20332.522574558636,3570.2783888953136,14943.78755159894
1556456335.001,20332.008217861094,3570.3152441420893,14944.47791559342
1556456335.251,20331.49383866473,3570.3521139561985,14945.168257091565
1556456335.501,20330.979436970683,3570.3889983384183,14945.858576092327
1556456335.751,20330.46501278009,3570.425897289527,14946.548872594674
1556456336.001,20329.950566094078,3570.4628108102984,14947.23914659756
1556456336.251,20329.43609691378,3570.4997389015134,14947.92939809995
1556456336.501,20328.921605240335,3570.5366815639445,14948.619627100801
1556456336.751,20328.407091074874,3570.5736387983707,14949.309833599076
1556456337.001,20327.892554418533,3570.610610605568,14950.000017593735
1556456337.251,20327.37799527244,3570.647596986313,14950.690179083736
1556456337.501,20326.863413637737,3570.684597941382,14951.380318068048
1556456337.751,20326.34880951555,3570.7216134715527,14952.070434545618
1556456338.001,20325.83418290702,3570.7586435775993,14952.760528515417
1556456338.251,20325.31953381328,3570.7956882602994,14953.450599976397
1556456338.501,20324.804862235458,3570.8327475204287,14954.140648927529
1556456338.751,20324.290168174695,3570.869821358763,14954.83067536776
1556456339.001,20323.77545163212,3570.906909776079,14955.52067929607
1556456339.251,20323.26071260887,3570.944012773153,14956.210660711404
1556456339.501,20322.74595110608,3570.9811303507613,14956.900619612723
1556456339.751,20322.231167124886,3571.018262509678,14957.590555998995
1556456340.001,20321.71636066642,3571.055409250681,14958.280469869176
1556456340.251,20321.201531731815,3571.092570574544,14958.97036122223
1556456340.501,20320.68668032221,3571.1297464820454,14959.660230057114
1556456340.751,20320.171806438735,3571.1669369739584,14960.350076372793
1556456341.001,20319.656910082525,3571.2041420510595,14961.03990016823
1556456341.251,20319.14199125472,3571.241361714125,14961.729701442375
1556456341.501,20318.62704995645,3571.2785959639295,14962.419480194203
1556456341.751,20318.112086188852,3571.315844801251,14963.109236422664
1556456342.001,20317.59709995306,3571.35310822686,14963.798970126722
1556456342.251,20317.082091250206,3571.3903862415364,14964.488681305345
1556456342.501,20316.56706008143,3571.4276788460525,14965.17836995748
1556456342.751,20316.052006447862,3571.4649860411864,14965.868036082102
1556456343.001,20315.536930350645,3571.50230782771,14966.557679678168
1556456343.251,20315.02183179091,3571.5396442063998,14967.247300744635
1556456343.501,20314.506710769787,3571.5769951780317,14967.93689928047
1556456343.751,20313.991567288424,3571.6143607433805,14968.626475284625
1556456344.001,20313.47640134794,3571.651740903221,14969.316028756075
1556456344.251,20312.96121294948,3571.689135658326,14970.005559693771
1556456344.501,20312.44600209418,3571.726545009473,14970.695068096677
1556456344.751,20311.930768783175,3571.763968957435,14971.384553963759
1556456345.001,20311.4155130176,3571.801407502988,14972.07401729397
1556456345.251,20310.900234798588,3571.8388606469066,14972.76345808628
1556456345.501,20310.384934127276,3571.8763283899657,14973.452876339645
1556456345.751,20309.869611004804,3571.9138107329372,14974.142272053024
1556456346.001,20309.3542654323,3571.9513076765975,14974.83164522539
1556456346.251,20308.838897410904,3571.9888192217213,14975.520995855695
1556456346.501,20308.323506941753,3572.026345369083,14976.210323942905
1556456346.751,20307.808094025982,3572.0638861194566,14976.899629485979
1556456347.001,20307.292658664726,3572.101441473616,14977.588912483876
1556456347.251,20306.777200859124,3572.1390114323344,14978.278172935563
1556456347.501,20306.26172061031,3572.176595996389,14978.96741084
1556456347.751,20305.746217919423,3572.2141951665512,14979.656626196145
1556456348.001,20305.23069278759,3572.2518089435953,14980.34581900297
1556456348.251,20304.71514521596,3572.289437328296,14981.034989259428
1556456348.501,20304.199575205657,3572.3270803214264,14981.724136964487
1556456348.751,20303.683982757826,3572.36473792376,14982.413262117101
1556456349.001,20303.1683678736,3572.402410136072,14983.10236471624
1556456349.251,20302.65273055412,3572.440096959136,14983.79144476086
1556456349.501,20302.13707080052,3572.4777983937247,14984.480502249928
1556456349.751,20301.62138861393,3572.515514440612,14985.169537182403
1556456350.001,20301.105683995494,3572.5532451005724,14985.858549557252
1556456350.251,20300.58995694635,3572.590990374377,14986.547539373427
1556456350.501,20300.07420746763,3572.6287502628006,14987.236506629899
1556456350.751,20299.55843556047,3572.666524766617,14987.925451325627
1556456351.001,20299.042641226013,3572.7043138865993,14988.614373459575
1556456351.251,20298.526824465393,3572.7421176235202,14989.303273030702
1556456351.501,20298.010985279743,3572.7799359781543,14989.992150037971
1556456351.751,20297.495123670207,3572.8177689512722,14990.681004480353
1556456352.001,20296.979239637916,3572.8556165436485,14991.3698363568
1556456352.251,20296.463333184012,3572.893478756057,14992.058645666275
1556456352.501,20295.947404309627,3572.9313555892686,14992.747432407752
1556456352.751,20295.431453015903,3572.969247044058,14993.436196580176
1556456353.001,20294.915479303978,3573.0071531211975,14994.124938182526
1556456353.251,20294.399483174988,3573.045073821459,14994.813657213752
1556456353.501,20293.88346463006,3573.0830091456164,14995.502353672822
1556456353.751,20293.367423670352,3573.120959094441,14996.1910275587
1556456354.001,20292.851360296983,3573.158923668707,14996.879678870348
1556456354.251,20292.3352745111,3573.196902869186,14997.568307606722
1556456354.501,20291.81916631384,3573.234896696651,14998.256913766792
1556456354.751,20291.30303570634,3573.2729051518745,14998.945497349523
1556456355.001,20290.786882689736,3573.310928235627,14999.634058353877
1556456355.251,20290.27070726517,3573.3489659486822,15000.32259677881
1556456355.501,20289.75450943377,3573.387018291814,15001.011112623291
1556456355.751,20289.238289196684,3573.425085265792,15001.699605886275
1556456356.001,20288.72204655505,3573.463166871388,15002.388076566735
1556456356.251,20288.205781509998,3573.501263109377,15003.076524663633
1556456356.501,20287.689494062673,3573.5393739805295,15003.764950175922
1556456356.751,20287.17318421421,3573.5774994856165,15004.453353102574
1556456357.001,20286.65685196575,3573.615639625409,15005.141733442553
1556456357.251,20286.140497318433,3573.6537944006823,15005.830091194814
1556456357.501,20285.624120273387,3573.6919638122063,15006.518426358329
1556456357.751,20285.10772083176,3573.730147860752,15007.206738932058
1556456358.001,20284.591298994685,3573.7683465470927,15007.895028914965
1556456358.251,20284.074854763305,3573.806559871999,15008.58329630601
1556456358.501,20283.558388138757,3573.844787836243,15009.271541104157
1556456358.751,20283.04189912218,3573.883030440595,15009.959763308369
1556456359.001,20282.52538771471,3573.9212876858264,15010.647962917614
1556456359.251,20282.008853917487,3573.95955957271,15011.336139930852
1556456359.501,20281.492297731653,3573.9978461020164,15012.024294347048
1556456359.751,20280.97571915834,3574.036147274517,15012.712426165166
1556456360.001,20280.459118198694,3574.074463090982,15013.400535384168
1556456360.251,20279.94249485385,3574.112793552185,15014.088622003012
1556456360.501,20279.42584912495,3574.1511386588936,15014.776686020672
1556456360.751,20278.90918101313,3574.189498411881,15015.464727436105
1556456361.001,20278.392490519527,3574.227872811918,15016.152746248274
1556456361.251,20277.875777645284,3574.2662618597747,15016.840742456145
1556456361.501,20277.359042391538,3574.304665556222,15017.528716058689
1556456361.751,20276.84228475943,3574.343083902033,15018.216667054854
1556456362.001,20276.3255047501,3574.381516897977,15018.904595443611
1556456362.251,20275.808702364688,3574.4199645448225,15019.592501223931
1556456362.501,20275.291877604326,3574.458426843342,15020.280384394766
1556456362.751,20274.775030470162,3574.496903794305,15020.968244955093
1556456363.001,20274.25816096333,3574.5353953984845,15021.656082903864
1556456363.251,20273.741269084974,3574.5739016566486,15022.343898240051
1556456363.501,20273.22435483623,3574.6124225695676,15023.031690962613
1556456363.751,20272.707418218244,3574.6509581380114,15023.719461070516
1556456364.001,20272.190459232148,3574.6895083627555,15024.40720856272
1556456364.251,20271.673477879085,3574.7280732445624,15025.094933438195
1556456364.501,20271.156474160194,3574.7666527842066,15025.782635695901
1556456364.751,20270.63944807661,3574.805246982458,15026.470315334805
1556456365.001,20270.122399629487,3574.843855840085,15027.157972353874
1556456365.251,20269.60532881995,3574.8824793578588,15027.845606752067
1556456365.501,20269.08823564915,3574.9211175365485,15028.533218528348
1556456365.751,20268.57112011822,3574.959770376926,15029.220807681682
1556456366.001,20268.053982228303,3574.9984378797576,15029.908374211038
1556456366.251,20267.536821980542,3575.0371200458158,15030.595918115374
1556456366.501,20267.01963937607,3575.0758168758694,15031.283439393657
1556456366.751,20266.502434416034,3575.114528370688,15031.970938044851
1556456367.001,20265.98520710157,3575.15325453104,15032.658414067922
1556456367.251,20265.467957433822,3575.191995357696,15033.345867461838
1556456367.501,20264.95068541393,3575.2307508514277,15034.03329822555
1556456367.751,20264.433391043032,3575.2695210130005,15034.720706358039
1556456368.001,20263.916074322267,3575.308305843185,15035.408091858255
1556456368.251,20263.39873525278,3575.347105342751,15036.095454725175
1556456368.501,20262.881373835713,3575.385919512468,15036.782794957759
1556456368.751,20262.3639900722,3575.424748353103,15037.47011255497
1556456369.001,20261.84658396339,3575.4635918654285,15038.15740751577
1556456369.251,20261.329155510415,3575.5024500502113,15038.844679839134
1556456369.501,20260.811704714426,3575.541322908221,15039.531929524015
1556456369.751,20260.294231576558,3575.5802104402255,15040.219156569387
1556456370.001,20259.77673609795,3575.619112646994,15040.906360974208
1556456370.251,20259.259218279745,3575.658029529296,15041.59354273745
1556456370.501,20258.741678123086,3575.6969610879005,15042.280701858072
1556456370.751,20258.224115629113,3575.7359073235743,15042.96783833504
1556456371.001,20257.70653079897,3575.7748682370884,15043.654952167322
1556456371.251,20257.188923633792,3575.8138438292103,15044.342043353878
1556456371.501,20256.67129413473,3575.8528341007077,15045.02911189368
1556456371.751,20256.15364230291,3575.891839052349,15045.716157785686
1556456372.001,20255.63596813949,3575.9308586849047,15046.403181028869
1556456372.251,20255.118271645602,3575.9698929991396,15047.090181622185
1556456372.501,20254.60055282239,3576.008941995825,15047.777159564605
1556456372.751,20254.082811670996,3576.048005675728,15048.464114855095
1556456373.001,20253.565048192562,3576.0870840396174,15049.151047492614
1556456373.251,20253.047262388227,3576.12617708826,15049.837957476138
1556456373.501,20252.529454259136,3576.1652848224244,15050.524844804615
1556456373.751,20252.01162380643,3576.2044072428794,15051.21170947703
1556456374.001,20251.493771031248,3576.2435443503905,15051.89855149234
1556456374.251,20250.97589593474,3576.282696145728,15052.585370849509
1556456374.501,20250.45799851804,3576.321862629659,15053.272167547504
1556456374.751,20249.94007878229,3576.361043802949,15053.95894158529
1556456375.001,20249.422136728637,3576.400239666371,15054.645692961829
1556456375.251,20248.90417235822,3576.4394502206887,15055.332421676092
1556456375.501,20248.386185672185,3576.478675466669,15056.01912772705
1556456375.751,20247.868176671665,3576.5179154050807,15056.705811113658
1556456376.001,20247.350145357814,3576.5571700366904,15057.392471834879
1556456376.251,20246.83209173177,3576.596439362266,15058.079109889692
1556456376.501,20246.31401579467,3576.6357233825765,15058.765725277055
1556456376.751,20245.795917547668,3576.6750220983877,15059.452317995929
1556456377.001,20245.277796991893,3576.7143355104654,15060.13888804529
1556456377.251,20244.7596541285,3576.753663619578,15060.825435424096
1556456377.501,20244.241488958618,3576.793006426494,15061.51196013132
1556456377.751,20243.723301483402,3576.832363931978,15062.198462165925
1556456378.001,20243.205091703992,3576.8717361367985,15062.884941526878
1556456378.251,20242.686859621528,3576.911123041721,15063.571398213135
1556456378.501,20242.16860523715,3576.950524647514,15064.257832223677
1556456378.751,20241.650328552012,3576.9899409549453,15064.944243557464
1556456379.001,20241.132029567245,3577.029371964776,15065.630632213455
1556456379.251,20240.613708284,3577.068817677778,15066.316998190629
1556456379.501,20240.095364703415,3577.108278094717,15067.003341487936
1556456379.751,20239.57699882664,3577.147753216359,15067.689662104363
1556456380.001,20239.058610654807,3577.1872430434687,15068.375960038862
1556456380.251,20238.54020018907,3577.226747576815,15069.0622352904
1556456380.501,20238.021767430568,3577.266266817165,15069.748487857942
1556456380.751,20237.503312380442,3577.305800765283,15070.434717740463
1556456381.001,20236.98483503984,3577.3453494219348,15071.120924936928
1556456381.251,20236.466335409903,3577.384912787887,15071.807109446294
1556456381.501,20235.947813491774,3577.4244908639075,15072.493271267533
1556456381.751,20235.429269286597,3577.4640836507615,15073.179410399614
1556456382.001,20234.910702795518,3577.503691149214,15073.865526841502
1556456382.251,20234.39211401968,3577.5433133600322,15074.55162059216
1556456382.501,20233.87350296022,3577.5829502839806,15075.237691650556
1556456382.751,20233.35486961829,3577.6226019218266,15075.923740015663
1556456383.001,20232.836213995033,3577.6622682743337,15076.609765686444
1556456383.251,20232.317536091592,3577.7019493422704,15077.295768661857
1556456383.501,20231.798835909107,3577.7416451264016,15077.981748940878
1556456383.751,20231.280113448727,3577.7813556274914,15078.667706522476
1556456384.001,20230.76136871159,3577.8210808463064,15079.35364140561
1556456384.251,20230.242601698854,3577.8608207836123,15080.03955358925
1556456384.501,20229.723812411645,3577.900575440173,15080.725443072366
1556456384.751,20229.20500085112,3577.940344816756,15081.41130985392
1556456385.001,20228.686167018415,3577.9801289141255,15082.097153932882
1556456385.251,20228.16731091468,3578.0199277330466,15082.782975308219
1556456385.501,20227.64843254106,3578.0597412742845,15083.468773978893
1556456385.751,20227.129531898696,3578.0995695386055,15084.15454994388
1556456386.001,20226.610608988733,3578.139412526775,15084.840303202138
1556456386.251,20226.091663812316,3578.179270239555,15085.526033752638
1556456386.501,20225.57269637059,3578.2191426777126,15086.21174159435
1556456386.751,20225.0537066647,3578.259029842011,15086.897426726235
1556456387.001,20224.53469469579,3578.2989317332167,15087.583089147265
1556456387.251,20224.015660465007,3578.3388483520957,15088.268728856408
1556456387.501,20223.496603973494,3578.378779699411,15088.954345852631
1556456387.751,20222.97752522239,3578.4187257759263,15089.639940134894
1556456388.001,20222.458424212855,3578.4586865824076,15090.325511702173
1556456388.251,20221.93930094602,3578.4986621196176,15091.011060553432
1556456388.501,20221.42015542303,3578.5386523883244,15091.696586687638
1556456388.751,20220.90098764504,3578.57865738929,15092.382090103758
1556456389.001,20220.38179761319,3578.618677123278,15093.067570800762
1556456389.251,20219.862585328625,3578.6587115910534,15093.753028777617
1556456389.501,20219.34335079249,3578.698760793383,15094.438464033286
1556456389.751,20218.824094005933,3578.7388247310273,15095.123876566744
1556456390.001,20218.30481497009,3578.778903404753,15095.809266376953
1556456390.251,20217.78551368612,3578.818996815321,15096.49463346288
1556456390.501,20217.266190155162,3578.859104963499,15097.179977823496
1556456390.751,20216.746844378362,3578.899227850048,15097.865299457771
1556456391.001,20216.227476356864,3578.939365475734,15098.550598364669
1556456391.251,20215.708086091814,3578.9795178413183,15099.235874543152
1556456391.501,20215.18867358436,3579.0196849475697,15099.921127992198
1556456391.751,20214.669238835646,3579.0598667952463,15100.606358710767
1556456392.001,20214.149781846816,3579.1000633851145,15101.291566697837
1556456392.251,20213.630302619018,3579.140274717937,15101.97675195237
1556456392.501,20213.1108011534,3579.1805007944786,15102.661914473334
1556456392.751,20212.591277451105,3579.2207416155,15103.347054259692
1556456393.001,20212.071731513282,3579.2609971817683,15104.032171310417
1556456393.251,20211.552163341075,3579.301267494045,15104.71726562448
1556456393.501,20211.032572935626,3579.341552553093,15105.402337200841
1556456393.751,20210.51296029809,3579.3818523596756,15106.087386038475
1556456394.001,20209.993325429605,3579.4221669145572,15106.77241213635
1556456394.251,20209.473668331324,3579.4624962185,15107.457415493434
1556456394.501,20208.95398900439,3579.5028402722673,15108.142396108691
1556456394.751,20208.434287449945,3579.543199076621,15108.827353981087
1556456395.001,20207.914563669143,3579.583572632325,15109.5122891096
1556456395.251,20207.394817663127,3579.623960940143,15110.197201493193
1556456395.501,20206.875049433045,3579.6643640008374,15110.882091130832
1556456395.751,20206.355258980042,3579.7047818151696,15111.566958021489
1556456396.001,20205.835446305267,3579.745214383902,15112.251802164137
1556456396.251,20205.315611409864,3579.7856617077996,15112.936623557736
1556456396.501,20204.79575429498,3579.8261237876254,15113.621422201253
1556456396.751,20204.27587496176,3579.8666006241374,15114.306198093665
1556456397.001,20203.75597341136,3579.907092218105,15114.990951233936
1556456397.251,20203.23604964492,3579.947598570284,15115.675681621036
1556456397.501,20202.716103663584,3579.98811968144,15116.360389253932
1556456397.751,20202.196135468505,3580.028655552335,15117.045074131594
1556456398.001,20201.676145060825,3580.06920618373,15117.72973625299
1556456398.251,20201.156132441694,3580.1097715763885,15118.414375617089
1556456398.501,20200.636097612263,3580.150351731072,15119.098992222858
1556456398.751,20200.116040573674,3580.190946648544,15119.783586069265
1556456399.001,20199.595961327075,3580.231556329566,15120.468157155286
1556456399.251,20199.07585987361,3580.2721807748967,15121.15270547989
1556456399.501,20198.555736214435,3580.312819985301,15121.837231042035
1556456399.751,20198.035590350693,3580.35347396154,15122.521733840698
1556456400.001,20197.51542228353,3580.3941427043774,15123.20621387484
1556456400.251,20196.995232014095,3580.434826214572,15123.89067114344
1556456400.501,20196.475019543534,3580.475524492886,15124.575105645468
1556456400.751,20195.954784873,3580.516237540084,15125.25951737988
1556456401.001,20195.434528003636,3580.5569653569223,15125.94390634566
1556456401.251,20194.91424893659,3580.5977079441673,15126.62827254177
1556456401.501,20194.393947673012,3580.638465302576,15127.312615967174
1556456401.751,20193.87362421405,3580.679237432914,15127.99693662085
1556456402.001,20193.353278560848,3580.7200243359393,15128.681234501764
1556456402.251,20192.83291071456,3580.7608260124152,15129.365509608884
1556456402.501,20192.312520676325,3580.801642463103,15130.049761941187
1556456402.751,20191.792108447306,3580.8424736887605,15130.73399149763
1556456403.001,20191.271674028634,3580.883319690153,15131.418198277195
1556456403.251,20190.751217421468,3580.9241804680396,15132.102382278834
1556456403.501,20190.230738626953,3580.9650560231803,15132.786543501534
1556456403.751,20189.71023764624,3581.0059463563366,15133.470681944258
1556456404.001,20189.18971448047,3581.0468514682702,15134.154797605977
1556456404.251,20188.669169130804,3581.087771359743,15134.838890485655
1556456404.501,20188.148601598383,3581.128706031512,15135.522960582268
1556456404.751,20187.62801188435,3581.16965548434,15136.20700789478
1556456405.001,20187.10739998986,3581.210619718988,15136.891032422169
1556456405.251,20186.58676591607,3581.251598736215,15137.575034163398
1556456405.501,20186.066109664112,3581.292592536783,15138.259013117437
1556456405.751,20185.545431235143,3581.333601121451,15138.942969283253
1556456406.001,20185.024730630314,3581.3746244909817,15139.626902659827
1556456406.251,20184.50400785077,3581.415662646133,15140.310813246117
1556456406.501,20183.983262897662,3581.4567155876657,15140.994701041102
1556456406.751,20183.46249577214,3581.4977833163393,15141.678566043738
1556456407.001,20182.941706475347,3581.5388658329166,15142.362408253015
1556456407.251,20182.42089500844,3581.579963138154,15143.046227667888
1556456407.501,20181.900061372562,3581.621075232815,15143.730024287332
1556456407.751,20181.37920556887,3581.6622021176563,15144.41379811032
1556456408.001,20180.858327598504,3581.70334379344,15145.097549135811
1556456408.251,20180.33742746262,3581.7445002609256,15145.781277362785
1556456408.501,20179.816505162362,3581.7856715208713,15146.46498279021
1556456408.751,20179.29556069888,3581.8268575740394,15147.148665417059
1556456409.001,20178.77459407333,3581.8680584211866,15147.832325242296
1556456409.251,20178.253605286856,3581.909274063074,15148.515962264893
1556456409.501,20177.73259434061,3581.950504500462,15149.199576483828
1556456409.751,20177.211561235737,3581.9917497341066,15149.883167898064
1556456410.001,20176.690505973394,3582.033009764774,15150.566736506564
1556456410.251,20176.169428554727,3582.0742845932164,15151.250282308312
1556456410.501,20175.648328980882,3582.1155742201954,15151.933805302277
1556456410.751,20175.127207253016,3582.1568786464713,15152.617305487423
1556456411.001,20174.606063372274,3582.198197872802,15153.30078286272
1556456411.251,20174.084897339802,3582.239531899949,15153.984237427143
1556456411.501,20173.563709156762,3582.280880728668,15154.667669179664
1556456411.751,20173.0424988243,3582.3222443597197,15155.351078119245
1556456412.001,20172.52126634356,3582.363622793863,15156.034464244869
1556456412.251,20172.000011715696,3582.405016031857,15156.717827555494
1556456412.501,20171.478734941855,3582.4464240744596,15157.401168050103
1556456412.751,20170.957436023193,3582.48784692243,15158.084485727657
1556456413.001,20170.43611496086,3582.529284576527,15158.767780587128
1556456413.251,20169.914771756,3582.5707370375085,15159.45105262749
1556456413.501,20169.39340640977,3582.612204306135,15160.134301847716
1556456413.751,20168.872018923317,3582.6536863831634,15160.817528246775
1556456414.001,20168.35060929779,3582.695183269351,15161.500731823635
1556456414.251,20167.829177534346,3582.736694965459,15162.183912577268
1556456414.501,20167.30772363413,3582.778221472243,15162.867070506647
1556456414.751,20166.7862475983,3582.8197627904638,15163.550205610736
1556456415.001,20166.26474942799,3582.8613189208772,15164.233317888516
1556456415.251,20165.74322912437,3582.9028898642446,15164.916407338955
1556456415.501,20165.221686688583,3582.9444756213206,15165.599473961018
1556456415.751,20164.70012212178,3582.986076192865,15166.282517753683
1556456416.001,20164.178535425108,3583.0276915796358,15166.965538715918
1556456416.251,20163.656926599724,3583.0693217823887,15167.6485368467
1556456416.501,20163.135295646778,3583.1109668018844,15168.331512144992
1556456416.751,20162.61364256742,3583.1526266388805,15169.014464609772
1556456417.001,20162.0919673628,3583.1943012941338,15169.697394240007
1556456417.251,20161.570270034073,3583.2359907684013,15170.380301034667
1556456417.501,20161.04855058239,3583.277695062442,15171.063184992723
1556456417.751,20160.526809008894,3583.3194141770123,15171.746046113156
1556456418.001,20160.005045314745,3583.3611481128705,15172.428884394929
1556456418.251,20159.483259501092,3583.4028968707744,15173.111699837016
1556456418.501,20158.961451569085,3583.4446604514787,15173.794492438388
1556456418.751,20158.439621519883,3583.4864388557435,15174.477262198016
1556456419.001,20157.91776935463,3583.5282320843266,15175.160009114868
1556456419.251,20157.395895074475,3583.5700401379827,15175.842733187925
1556456419.501,20156.873998680578,3583.6118630174706,15176.525434416148
1556456419.751,20156.352080174085,3583.653700723547,15177.208112798515
1556456420.001,20155.83013955615,3583.6955532569677,15177.890768334
1556456420.251,20155.30817682793,3583.737420618492,15178.573401021571
1556456420.501,20154.786191990563,3583.779302808875,15179.256010860197
1556456420.751,20154.264185045216,3583.8211998288743,15179.938597848857
1556456421.001,20153.742155993037,3583.8631116792467,15180.621161986513
1556456421.251,20153.22010483517,3583.9050383607496,15181.303703272148
1556456421.501,20152.698031572778,3583.946979874136,15181.986221704727
1556456421.751,20152.175936207004,3583.9889362201675,15182.668717283224
1556456422.001,20151.653818739007,3584.030907399598,15183.351190006611
1556456422.251,20151.131679169936,3584.0728934131835,15184.033639873862
1556456422.501,20150.609517500947,3584.1148942616824,15184.716066883939
1556456422.751,20150.087333733187,3584.156909945851,15185.39847103583
1556456423.001,20149.565127867812,3584.198940466442,15186.080852328498
1556456423.251,20149.042899905973,3584.2409858242154,15186.763210760913
1556456423.501,20148.520649848822,3584.2830460199266,15187.445546332052
1556456423.751,20147.99837769752,3584.3251210543312,15188.127859040884
1556456424.001,20147.476083453206,3584.3672109281842,15188.810148886383
1556456424.251,20146.95376711704,3584.409315642244,15189.49241586752
1556456424.501,20146.43142869018,3584.4514351972666,15190.174659983277
1556456424.751,20145.909068173765,3584.4935695940057,15190.856881232612
1556456425.001,20145.386685568963,3584.5357188332173,15191.539079614504
1556456425.251,20144.864280876915,3584.5778829156584,15192.221255127926
1556456425.501,20144.34185409878,3584.6200618420844,15192.903407771846
1556456425.751,20143.81940523571,3584.66225561325,15193.585537545245
1556456426.001,20143.29693428886,3584.704464229912,15194.267644447089
1556456426.251,20142.774441259382,3584.7466876928265,15194.949728476346
1556456426.501,20142.25192614843,3584.7889260027478,15195.631789632
1556456426.751,20141.729388957152,3584.8311791604306,15196.313827913014
1556456427.001,20141.206829686707,3584.873447166632,15196.995843318367
1556456427.251,20140.684248338246,3584.915730022106,15197.677835847036
1556456427.501,20140.161644912925,3584.9580277276086,15198.359805497985
1556456427.751,20139.639019411894,3585.000340283894,15199.041752270183
1556456428.001,20139.11637183631,3585.042667691718,15199.723676162615
1556456428.251,20138.593702187325,3585.085009951838,15200.405577174246
1556456428.501,20138.07101046609,3585.1273670650044,15201.087455304052
1556456428.751,20137.54829667376,3585.169739031974,15201.769310551004
1556456429.001,20137.025560811497,3585.2121258535035,15202.451142914077
1556456429.251,20136.50280288044,3585.2545275303464,15203.13295239224
1556456429.501,20135.980022881755,3585.296944063256,15203.81473898447
1556456429.751,20135.457220816592,3585.3393754529898,15204.49650268974
1556456430.001,20134.934396686105,3585.381821700301,15205.178243507024
1556456430.251,20134.411550491444,3585.4242828059437,15205.85996143529
1556456430.501,20133.88868223377,3585.4667587706717,15206.541656473513
1556456430.751,20133.36579191423,3585.5092495952417,15207.223328620672
1556456431.001,20132.842879533986,3585.5517552804076,15207.904977875729
1556456431.251,20132.31994509419,3585.594275826922,15208.586604237673
1556456431.501,20131.796988595994,3585.6368112355412,15209.268207705467
1556456431.751,20131.27401004055,3585.6793615070183,15209.949788278078
1556456432.001,20130.75100942902,3585.721926642109,15210.631345954494
1556456432.251,20130.227986762548,3585.764506641565,15211.312880733676
1556456432.501,20129.704942042295,3585.8071015061414,15211.994392614608
1556456432.751,20129.18187526942,3585.8497112365926,15212.675881596257
1556456433.001,20128.65878644507,3585.8923358336724,15213.357347677596
1556456433.251,20128.135675570404,3585.9349752981343,15214.038790857601
1556456433.501,20127.61254264657,3585.977629630732,15214.720211135249
1556456433.751,20127.089387674736,3586.0202988322208,15215.40160850951
1556456434.001,20126.566210656045,3586.0629829033523,15216.082982979351
1556456434.251,20126.043011591653,3586.1056818448806,15216.764334543757
1556456434.501,20125.519790482722,3586.1483956575594,15217.445663201695
1556456434.751,20124.996547330396,3586.191124342143,15218.126968952143
1556456435.001,20124.47328213584,3586.2338678993856,15218.808251794067
1556456435.251,20123.94999490021,3586.2766263300373,15219.489511726453
1556456435.501,20123.426685624654,3586.3193996348546,15220.170748748264
1556456435.751,20122.903354310332,3586.3621878145905,15220.851962858476
1556456436.001,20122.380000958394,3586.404990869996,15221.53315405607
1556456436.251,20121.85662557,3586.4478088018254,15222.214322340013
1556456436.501,20121.333228146304,3586.490641610832,15222.89546770928
1556456436.751,20120.809808688464,3586.5334892977685,15223.576590162847
1556456437.001,20120.28636719763,3586.576351863389,15224.257689699687
1556456437.251,20119.76290367496,3586.619229308446,15224.938766318774
1556456437.501,20119.239418121615,3586.6621216336916,15225.619820019085
1556456437.751,20118.71591053874,3586.7050288398787,15226.300850799587
1556456438.001,20118.1923809275,3586.74795092776,15226.981858659256
1556456438.251,20117.668829289047,3586.790887898089,15227.662843597078
1556456438.501,20117.14525562454,3586.8338397516172,15228.343805612014
1556456438.751,20116.621659935125,3586.8768064890983,15229.024744703038
1556456439.001,20116.09804222197,3586.9197881112823,15229.705660869131
1556456439.251,20115.574402486225,3586.9627846189264,15230.386554109275
1556456439.501,20115.050740729046,3587.0057960127792,15231.067424422425
1556456439.751,20114.527056951592,3587.048822293593,15231.748271807566
1556456440.001,20114.003351155014,3587.091863462122,15232.42909626367
1556456440.251,20113.479623340474,3587.1349195191174,15233.109897789716
1556456440.501,20112.955873509123,3587.1779904653313,15233.790676384677
1556456440.751,20112.43210166212,3587.2210763015155,15234.471432047525
1556456441.001,20111.908307800622,3587.264177028422,15235.152164777235
1556456441.251,20111.38449192579,3587.307292646805,15235.832874572785
1556456441.501,20110.86065403877,3587.3504231574125,15236.513561433145
1556456441.751,20110.33679414072,3587.393568560999,15237.194225357289
1556456442.001,20109.812912232803,3587.4367288583153,15237.874866344202
1556456442.251,20109.289008316173,3587.479904050115,15238.555484392848
1556456442.501,20108.76508239199,3587.523094137146,15239.236079502207
1556456442.751,20108.2411344614,3587.5662991201634,15239.916651671247
1556456443.001,20107.717164525573,3587.609518999918,15240.597200898952
1556456443.251,20107.193172585656,3587.65275377716,15241.27772718429
1556456443.501,20106.66915864281,3587.696003452642,15241.958230526241
1556456443.751,20106.14512269819,3587.7392680271137,15242.63871092378
1556456444.001,20105.62106475296,3587.7825475013287,15243.319168375881
1556456444.251,20105.096984808268,3587.825841876037,15243.999602881515
1556456444.501,20104.572882865272,3587.86915115199,15244.680014439658
1556456444.751,20104.048758925135,3587.9124753299393,15245.360403049293
1556456445.001,20103.52461298901,3587.9558144106363,15246.04076870939
1556456445.251,20103.000445058053,3587.999168394829,15246.72111141892
1556456445.501,20102.476255133428,3588.042537283272,15247.401431176866
1556456445.751,20101.952043216283,3588.085921076714,15248.081727982197
1556456446.001,20101.42780930778,3588.129319775906,15248.762001833893
1556456446.251,20100.90355340908,3588.1727333816007,15249.442252730922
1556456446.501,20100.379275521336,3588.2161618945474,15250.122480672264
1556456446.751,20099.85497564571,3588.259605315496,15250.802685656901
1556456447.001,20099.330653783352,3588.303063645199,15251.4828676838
1556456447.251,20098.806309935426,3588.3465368844045,15252.16302675194
1556456447.501,20098.281944103088,3588.3900250338647,15252.843162860288
1556456447.751,20097.75755628749,3588.4335280943296,15253.523276007832
1556456448.001,20097.2331464898,3588.477046066548,15254.203366193546
1556456448.251,20096.708714711174,3588.5205789512734,15254.883433416398
1556456448.501,20096.184260952767,3588.5641267492565,15255.563477675369
1556456448.751,20095.659785215736,3588.6076894612424,15256.243498969434
1556456449.001,20095.135287501238,3588.6512670879847,15256.923497297565
1556456449.251,20094.610767810434,3588.6948596302327,15257.603472658746
1556456449.501,20094.08622614448,3588.7384670887377,15258.28342505194
1556456449.751,20093.56166250454,3588.7820894642473,15258.963354476142
1556456450.001,20093.037076891764,3588.825726757512,15259.643260930308
1556456450.251,20092.512469307316,3588.8693789692848,15260.323144413425
1556456450.501,20091.987839752353,3588.9130461003115,15261.003004924463
1556456450.751,20091.463188228034,3588.9567281513423,15261.682842462407
1556456451.001,20090.938514735517,3589.0004251231285,15262.362657026224
1556456451.251,20090.413819275956,3589.044137016418,15263.042448614895
1556456451.501,20089.889101850516,3589.087863831962,15263.722217227394
1556456451.751,20089.364362460354,3589.131605570509,15264.4019628627
1556456452.001,20088.83960110663,3589.1753622328083,15265.08168551978
1556456452.251,20088.314817790495,3589.2191338196108,15265.76138519762
1556456452.501,20087.79001251312,3589.262920331663,15266.441061895195
1556456452.751,20087.265185275653,3589.306721769716,15267.120715611476
1556456453.001,20086.740336079256,3589.3505381345185,15267.800346345448
1556456453.251,20086.21546492509,3589.394369426819,15268.479954096078
1556456453.501,20085.690571814317,3589.4382156473685,15269.15953886235
1556456453.751,20085.16565674809,3589.482076796913,15269.839100643232
1556456454.001,20084.640719727573,3589.5259528762053,15270.518639437705
1556456454.251,20084.11576075392,3589.56984388599,15271.198155244747
1556456454.501,20083.590779828293,3589.613749827019,15271.877648063331
1556456454.751,20083.06577695185,3589.6576707000377,15272.557117892444
1556456455.001,20082.540752125755,3589.7016065057987,15273.236564731047
1556456455.251,20082.01570535116,3589.745557245049,15273.915988578123
1556456455.501,20081.49063662923,3589.7895229185374,15274.595389432652
1556456455.751,20080.965545961124,3589.833503527013,15275.274767293606
1556456456.001,20080.440433347998,3589.8774990712213,15275.954122159972
1556456456.251,20079.915298791017,3589.921509551914,15276.63345403071
1556456456.501,20079.390142291333,3589.9655349698364,15277.31276290481
1556456456.751,20078.864963850116,3590.00957532574,15277.992048781241
1556456457.001,20078.339763468513,3590.0536306203717,15278.671311658982
1556456457.251,20077.814541147694,3590.0977008544787,15279.350551537016
1556456457.501,20077.289296888815,3590.1417860288097,15280.029768414312
1556456457.751,20076.76403069304,3590.185886144114,15280.708962289846
1556456458.001,20076.238742561523,3590.2300012011374,15281.388133162603
1556456458.251,20075.713432495424,3590.274131200629,15282.067281031552
1556456458.501,20075.18810049591,3590.3182761433363,15282.746405895676
1556456458.751,20074.662746564136,3590.3624360300078,15283.425507753953
1556456459.001,20074.13737070126,3590.4066108613897,15284.104586605357
1556456459.251,20073.611972908446,3590.4508006382307,15284.78364244886
1556456459.501,20073.086553186855,3590.4950053612806,15285.462675283445
1556456459.751,20072.561111537645,3590.5392250312825,15286.14168510809
1556456460.001,20072.035647961977,3590.5834596489863,15286.82067192177
1556456460.251,20071.510162461014,3590.6277092151386,15287.499635723463
1556456460.501,20070.98465503591,3590.6719737304875,15288.178576512153
1556456460.751,20070.45912568783,3590.71625319578,15288.8574942868
1556456461.001,20069.933574417937,3590.760547611765,15289.536389046396
1556456461.251,20069.408001227388,3590.804856979188,15290.215260789919
1556456461.501,20068.882406117344,3590.849181298796,15290.894109516335
1556456461.751,20068.356789088968,3590.893520571334,15291.572935224634
1556456462.001,20067.831150143415,3590.9378747975534,15292.251737913786
1556456462.251,20067.305489281855,3590.9822439781988,15292.930517582776
1556456462.501,20066.77980650544,3591.0266281140166,15293.60927423057
1556456462.751,20066.254101815335,3591.0710272057554,15294.288007856147
1556456463.001,20065.728375212704,3591.115441254161,15294.966718458498
1556456463.251,20065.202626698705,3591.1598702599813,15295.645406036594
1556456463.501,20064.6768562745,3591.204314223959,15296.324070589406
1556456463.751,20064.151063941245,3591.248773146844,15297.002712115918
1556456464.001,20063.625249700108,3591.2932470293836,15297.681330615105
1556456464.251,20063.099413552245,3591.3377358723224,15298.359926085948
1556456464.501,20062.573555498828,3591.3822396764067,15299.038498527425
1556456464.751,20062.047675541005,3591.426758442383,15299.71704793851
1556456465.001,20061.521773679946,3591.4712921710006,15300.395574318183
1556456465.251,20060.995849916806,3591.5158408630014,15301.074077665427
1556456465.501,20060.46990425275,3591.560404519133,15301.752557979209
1556456465.751,20059.943936688942,3591.604983140142,15302.431015258513
1556456466.001,20059.417947226542,3591.649576726775,15303.109449502324
1556456466.251,20058.891935866708,3591.6941852797745,15303.787860709606
1556456466.501,20058.365902610607,3591.738808799891,15304.466248879351
1556456466.751,20057.8398474594,3591.7834472878694,15305.144614010525
1556456467.001,20057.31377041425,3591.828100744455,15305.822956102118
1556456467.251,20056.78767147631,3591.872769170392,15306.5012751531
1556456467.501,20056.261550646752,3591.917452566429,15307.179571162447
1556456467.751,20055.73540792673,3591.962150933308,15307.857844129147
1556456468.001,20055.20924331742,3592.0068642717765,15308.536094052175
1556456468.251,20054.68305681997,3592.051592582581,15309.21432093051
1556456468.501,20054.156848435545,3592.096335866465,15309.892524763123
1556456468.751,20053.630618165313,3592.141094124176,15310.570705548991
1556456469.001,20053.10436601043,3592.1858673564566,15311.24886328711
1556456469.251,20052.578091972064,3592.230655564055,15311.926997976443
1556456469.501,20052.051796051368,3592.275458747715,15312.605109615972
1556456469.751,20051.525478249514,3592.3202769081804,15313.283198204681
1556456470.001,20050.999138567662,3592.3651100461984,15313.961263741545
1556456470.251,20050.472777006973,3592.4099581625123,15314.639306225537
1556456470.501,20049.946393568614,3592.454821257871,15315.317325655647
1556456470.751,20049.419988253743,3592.499699333015,15315.995322030845
1556456471.001,20048.89356106352,3592.54459238869,15316.673295350109
1556456471.251,20048.367111999116,3592.589500425641,15317.351245612426
1556456471.501,20047.840641061688,3592.6344234446137,15318.029172816772
1556456471.751,20047.3141482524,3592.6793614463527,15318.707076962117
1556456472.001,20046.787633572414,3592.724314431602,15319.384958047453
1556456472.251,20046.261097022892,3592.7692824011056,15320.06281607175
1556456472.501,20045.734538605007,3592.8142653556097,15320.74065103399
1556456472.751,20045.207958319912,3592.859263295858,15321.418462933154
1556456473.001,20044.68135616877,3592.904276222593,15322.096251768216
1556456473.251,20044.154732152747,3592.9493041365613,15322.774017538162
1556456473.501,20043.628086273005,3592.994347038505,15323.451760241962
1556456473.751,20043.10141853071,3593.039404929172,15324.129479878604
1556456474.001,20042.574728927026,3593.0844778093033,15324.807176447062
1556456474.251,20042.048017463112,3593.1295656796437,15325.484849946319
1556456474.501,20041.521284140137,3593.174668540937,15326.16250037535
1556456474.751,20040.994528959258,3593.2197863939273,15326.840127733136
1556456475.001,20040.46775192164,3593.264919239359,15327.51773201866
1556456475.251,20039.94095302845,3593.3100670779763,15328.195313230895
1556456475.501,20039.41413228085,3593.3552299105204,15328.872871368832
1556456475.751,20038.887289680006,3593.4004077377385,15329.55040643143
1556456476.001,20038.360425227078,3593.4456005603734,15330.227918417684
1556456476.251,20037.83353892323,3593.490808379165,15330.905407326572
1556456476.501,20037.306630769628,3593.5360311948616,15331.582873157073
1556456476.751,20036.77970076743,3593.581269008205,15332.260315908163
1556456477.001,20036.252748917814,3593.6265218199374,15332.937735578824
1556456477.251,20035.72577522193,3593.6717896308037,15333.615132168034
1556456477.501,20035.19877968095,3593.717072441546,15334.29250567478
1556456477.751,20034.671762296035,3593.762370252908,15334.969856098029
1556456478.001,20034.14472306835,3593.8076830656346,15335.64718343677
1556456478.251,20033.61766199906,3593.853010880466,15336.32448768998
1556456478.501,20033.090579089323,3593.8983536981473,15337.00176885664
1556456478.751,20032.563474340313,3593.9437115194196,15337.679026935733
1556456479.001,20032.03634775319,3593.989084345028,15338.356261926227
1556456479.251,20031.509199329117,3594.0344721757147,15339.033473827112
1556456479.501,20030.98202906926,3594.0798750122212,15339.710662637368
1556456479.751,20030.454836974786,3594.1252928552917,15340.387828355975
1556456480.001,20029.927623046853,3594.1707257056682,15341.064970981904
1556456480.251,20029.400387286634,3594.216173564094,15341.742090514152
1556456480.501,20028.873129695286,3594.26163643131,15342.41918695168
1556456480.751,20028.34585027398,3594.307114308062,15343.096260293481
1556456481.001,20027.81854902388,3594.3526071950887,15343.773310538534
1556456481.251,20027.29122594615,3594.398115093134,15344.450337685816
1556456481.501,20026.76388104195,3594.4436380029424,15345.1273417343
1556456481.751,20026.236514312448,3594.4891759252528,15345.804322682983
1556456482.001,20025.709125758814,3594.534728860808,15346.481280530832
1556456482.251,20025.18171538221,3594.580296810351,15347.158215276831
1556456482.501,20024.654283183798,3594.625879774624,15347.835126919967
1556456482.751,20024.126829164747,3594.6714777543693,15348.512015459211
1556456483.001,20023.59935332622,3594.7170907503287,15349.188880893547
1556456483.251,20023.07185566938,3594.7627187632424,15349.865723221956
1556456483.501,20022.544336195402,3594.808361793856,15350.542542443414
1556456483.751,20022.01679490544,3594.8540198429077,15351.219338556912
1556456484.001,20021.489231800668,3594.899692911141,15351.896111561422
1556456484.251,20020.961646882246,3594.9453809992956,15352.57286145593
1556456484.501,20020.434040151344,3594.991084108116,15353.249588239407
1556456484.751,20019.906411609125,3595.036802238342,15353.926291910844
1556456485.001,20019.378761256754,3595.0825353907135,15354.60297246922
1556456485.251,20018.8510890954,3595.1282835659767,15355.279629913512
1556456485.501,20018.32339512622,3595.1740467648683,15355.9562642427
1556456485.751,20017.79567935039,3595.2198249881308,15356.632875455769
1556456486.001,20017.267941769074,3595.265618236507,15357.309463551705
1556456486.251,20016.740182383433,3595.3114265107365,15357.986028529474
1556456486.501,20016.21240119464,3595.3572498115614,15358.662570388064
1556456486.751,20015.684598203854,3595.4030881397225,15359.339089126457
1556456487.001,20015.156773412247,3595.4489414959617,15360.01558474364
1556456487.251,20014.62892682098,3595.494809881018,15360.692057238586
1556456487.501,20014.10105843122,3595.540693295633,15361.368506610277
1556456487.751,20013.57316824414,3595.586591740548,15362.044932857698
1556456488.001,20013.0452562609,3595.632505216503,15362.721335979822
1556456488.251,20012.517322482665,3595.6784337242398,15363.397715975647
1556456488.501,20011.989366910606,3595.724377264499,15364.07407284413
1556456488.751,20011.46138954589,3595.77033583802,15364.75040658427
1556456489.001,20010.933390389677,3595.816309445544,15365.426717195041
1556456489.251,20010.405369443142,3595.8622980878126,15366.103004675431
1556456489.501,20009.877326707447,3595.908301765563,15366.779269024417
1556456489.751,20009.349262183754,3595.9543204795377,15367.455510240983
1556456490.001,20008.82117587324,3596.0003542304776,15368.1317283241
1556456490.251,20008.293067777064,3596.0464030191224,15368.807923272765
1556456490.501,20007.764937896394,3596.092466846211,15369.484095085947
1556456490.751,20007.2367862324,3596.138545712488,15370.160243762635
1556456491.001,20006.70861278625,3596.184639618686,15370.836369301807
1556456491.251,20006.180417559102,3596.230748565551,15371.512471702448
1556456491.501,20005.652200552136,3596.27687255382,15372.188550963532
1556456491.751,20005.12396176651,3596.3230115842343,15372.864607084055
1556456492.001,20004.59570120339,3596.3691656575334,15373.540640062984
1556456492.251,20004.067418863953,3596.415334774457,15374.216649899303
1556456492.501,20003.539114749357,3596.4615189357455,15374.892636592002
1556456492.751,20003.01078886077,3596.5077181421348,15375.568600140057
1556456493.001,20002.48244119937,3596.5539323943694,15376.244540542451
1556456493.251,20001.954071766308,3596.6001616931862,15376.920457798165
1556456493.501,20001.42568056276,3596.646406039325,15377.596351906184
1556456493.751,20000.897267589895,3596.692665433524,15378.272222865482
1556456494.001,20000.36883284888,3596.7389398765267,15378.948070675058
1556456494.251,19999.840376340882,3596.7852293690685,15379.623895333872
1556456494.501,19999.311898067066,3596.831533911889,15380.299696840917
1556456494.751,19998.783398028605,3596.877853505729,15380.975475195177
1556456495.001,19998.25487622666,3596.9241881513244,15381.651230395637
1556456495.251,19997.726332662405,3596.970537849418,15382.326962441268
1556456495.501,19997.197767337002,3597.016902600747,15383.002671331062
1556456495.751,19996.669180251625,3597.0632824060494,15383.678357063996
1556456496.001,19996.14057140744,3597.1096772660667,15384.354019639057
1556456496.251,19995.611940805615,3597.1560871815363,15385.029659055217
1556456496.501,19995.083288447317,3597.202512153194,15385.705275311473
1556456496.751,19994.554614333712,3597.248952181784,15386.380868406792
1556456497.001,19994.025918465974,3597.2954072680404,15387.056438340169
1556456497.251,19993.497200845268,3597.341877412703,15387.731985110582
1556456497.501,19992.96846147276,3597.3883626165116,15388.407508717013
1556456497.751,19992.439700349623,3597.4348628802036,15389.083009158443
1556456498.001,19991.910917477024,3597.481378204516,15389.758486433857
1556456498.251,19991.382112856132,3597.5279085901916,15390.433940542236
1556456498.501,19990.853286488113,3597.5744540379637,15391.10937148257
1556456498.751,19990.324438374133,3597.621014548572,15391.784779253823
1556456499.001,19989.79556851537,3597.6675901227545,15392.460163855001
1556456499.251,19989.266676912983,3597.7141807612516,15393.13552528507
1556456499.501,19988.737763568148,3597.760786464797,15393.810863543018
1556456499.751,19988.208828482027,3597.8074072341333,15394.48617862783
1556456500.001,19987.679871655797,3597.854043069995,15395.161470538489
1556456500.251,19987.150893090624,3597.9006939731216,15395.836739273971
1556456500.501,19986.62189278767,3597.947359944249,15396.511984833262
1556456500.751,19986.092870748114,3597.994040984116,15397.187207215353
1556456501.001,19985.563826973117,3598.0407370934627,15397.862406419215
1556456501.251,19985.034761463852,3598.0874482730223,15398.537582443838
1556456501.501,19984.50567422149,3598.1341745235345,15399.212735288205
1556456501.751,19983.976565247198,3598.1809158457386,15399.887864951299
1556456502.001,19983.447434542148,3598.2276722403685,15400.562971432104
1556456502.251,19982.9182821075,3598.274443708163,15401.238054729594
1556456502.501,19982.389107944433,3598.3212302498605,15401.913114842762
1556456502.751,19981.85991205411,3598.3680318661964,15402.58815177059
1556456503.001,19981.33069443771,3598.414848557908,15403.263165512053
1556456503.251,19980.801455096393,3598.461680325733,15403.93815606615
1556456503.501,19980.272194031335,3598.5085271704097,15404.613123431845
1556456503.751,19979.742911243702,3598.555389092674,15405.28806760814
1556456504.001,19979.213606734662,3598.6022660932613,15405.962988594005
1556456504.251,19978.68428050539,3598.6491581729106,15406.637886388438
1556456504.501,19978.15493255705,3598.6960653323567,15407.3127609904
1556456504.751,19977.625562890815,3598.742987572339,15407.98761239889
1556456505.001,19977.096171507856,3598.789924893591,15408.662440612894
1556456505.251,19976.56675840934,3598.8368772968524,15409.337245631388
1556456505.501,19976.03732359644,3598.8838447828584,15410.012027453355
1556456505.751,19975.507867070322,3598.9308273523457,15410.686786077782
1556456506.001,19974.97838883216,3598.9778250060485,15411.361521503655
1556456506.251,19974.448888883126,3599.024837744707,15412.03623372996
1556456506.501,19973.919367224385,3599.0718655690553,15412.710922755668
1556456506.751,19973.38982385711,3599.1189084798293,15413.385588579771
1556456507.001,19972.86025878247,3599.1659664777662,15414.060231201252
1556456507.251,19972.33067200164,3599.213039563603,15414.734850619097
1556456507.501,19971.80106351578,3599.2601277380736,15415.409446832287
1556456507.751,19971.27143332607,3599.307231001915,15416.084019839807
1556456508.001,19970.741781433677,3599.354349355862,15416.758569640639
1556456508.251,19970.21210783977,3599.4014828006525,15417.433096233774
1556456508.501,19969.682412545524,3599.448631337021,15418.107599618186
1556456508.751,19969.152695552108,3599.495794965704,15418.782079792865
1556456509.001,19968.62295686069,3599.5429736874376,15419.456536756792
1556456509.251,19968.093196472448,3599.5901675029554,15420.130970508955
1556456509.501,19967.563414388544,3599.6373764129953,15420.805381048336
1556456509.751,19967.033610610153,3599.684600418291,15421.479768373923
1556456510.001,19966.503785138444,3599.7318395195794,15422.154132484691
1556456510.251,19965.97393797459,3599.779093717595,15422.828473379635
1556456510.501,19965.444069119763,3599.826363013073,15423.502791057734
1556456510.751,19964.914178575134,3599.873647406751,15424.177085517967
1556456511.001,19964.384266341873,3599.9209468993618,15424.851356759333
1556456511.251,19963.85433242115,3599.968261491641,15425.5256047808
1556456511.501,19963.324376814136,3600.0155911843235,15426.199829581357
1556456511.751,19962.794399522005,3600.062935978144,15426.874031159998
1556456512.001,19962.264400545926,3600.1102958738375,15427.548209515699
1556456512.251,19961.73437988707,3600.1576708721414,15428.222364647445
1556456512.501,19961.204337546616,3600.205060973788,15428.896496554222
1556456512.751,19960.674273525725,3600.2524661795132,15429.57060523501
1556456513.001,19960.144187825576,3600.2998864900514,15430.244690688807
1556456513.251,19959.614080447333,3600.347321906136,15430.918752914582
1556456513.501,19959.083951392175,3600.3947724285026,15431.592791911331
1556456513.751,19958.55380066127,3600.442238057888,15432.266807678032
1556456514.001,19958.023628255793,3600.4897187950237,15432.94080021367
1556456514.251,19957.49343417691,3600.5372146406453,15433.61476951724
1556456514.501,19956.9632184258,3600.5847255954873,15434.288715587707
1556456514.751,19956.432981003632,3600.632251660284,15434.962638424073
1556456515.001,19955.902721911578,3600.6797928357673,15435.63653802532
1556456515.251,19955.37244115081,3600.7273491226756,15436.310414390427
1556456515.501,19954.842138722495,3600.7749205217406,15436.984267518386
1556456515.751,19954.31181462781,3600.8225070336957,15437.658097408177
1556456516.001,19953.781468867932,3600.8701086592764,15438.331904058781
1556456516.251,19953.251101444024,3600.917725399217,15439.005687469195
1556456516.501,19952.720712357266,3600.9653572542506,15439.679447638395
1556456516.751,19952.190301608825,3601.0130042251094,15440.353184565378
1556456517.001,19951.659869199877,3601.060666312531,15441.026898249107
1556456517.251,19951.129415131592,3601.108343517245,15441.700588688589
1556456517.501,19950.598939405143,3601.1560358399865,15442.37425588279
1556456517.751,19950.068442021704,3601.2037432814896,15443.047899830719
1556456518.001,19949.537922982447,3601.25146584249,15443.721520531344
1556456518.251,19949.007382288542,3601.2992035237166,15444.395117983655
1556456518.501,19948.476819941163,3601.3469563259064,15445.068692186633
1556456518.751,19947.94623594149,3601.394724249791,15445.74224313927
1556456519.001,19947.415630290685,3601.442507296105,15446.415770840547
1556456519.251,19946.885002989926,3601.49030546558,15447.089275289454
1556456519.501,19946.354354040384,3601.5381187589496,15447.762756484972
1556456519.751,19945.823683443235,3601.585947176947,15448.436214426092
1556456520.001,19945.29299119965,3601.633790720307,15449.109649111797
1556456520.251,19944.7622773108,3601.6816493897604,15449.783060541075
1556456520.501,19944.231541777866,3601.7295231860403,15450.4564487129
1556456520.751,19943.700784602013,3601.77741210988,15451.12981362627
1556456521.001,19943.170005784417,3601.8253161620123,15451.80315528017
1556456521.251,19942.639205326253,3601.8732353431706,15452.476473673581
1556456521.501,19942.108383228693,3601.9211696540865,15453.149768805491
1556456521.751,19941.577539492908,3601.969119095493,15453.82304067488
1556456522.001,19941.046674120076,3602.017083668124,15454.496289280753
1556456522.251,19940.515787111366,3602.06506337271,15455.16951462207
1556456522.501,19939.984878467956,3602.113058209985,15455.842716697836
1556456522.751,19939.453948191014,3602.1610681806796,15456.51589550703
1556456523.001,19938.922996281723,3602.209093285527,15457.189051048637
1556456523.251,19938.392022741245,3602.2571335252605,15457.862183321646
1556456523.501,19937.86102757076,3602.30518890061,15458.535292325043
1556456523.751,19937.330010771442,3602.353259412311,15459.208378057807
1556456524.001,19936.798972344466,3602.4013450610923,15459.881440518937
1556456524.251,19936.267912291005,3602.4494458476884,15460.554479707407
1556456524.501,19935.73683061223,3602.4975617728287,15461.227495622214
1556456524.751,19935.205727309316,3602.5456928372464,15461.900488262338
1556456525.001,19934.67460238344,3602.5938390416745,15462.573457626764
1556456525.251,19934.143455835772,3602.6420003868434,15463.246403714482
1556456525.501,19933.612287667493,3602.690176873483,15463.919326524476
1556456525.751,19933.08109787977,3602.73836850233,15464.59222605573
1556456526.001,19932.549886473782,3602.786575274112,15465.26510230724
1556456526.251,19932.0186534507,3602.8347971895614,15465.937955277986
1556456526.501,19931.4873988117,3602.8830342494093,15466.610784966953
1556456526.751,19930.956122557953,3602.93128645439,15467.283591373132
1556456527.001,19930.424824690643,3602.97955380523,15467.956374495505
1556456527.251,19929.893505210934,3603.0278363026637,15468.62913433306
1556456527.501,19929.362164120008,3603.076133947423,15469.301870884789
1556456527.751,19928.830801419033,3603.1244467402375,15469.974584149666
1556456528.001,19928.299417109192,3603.172774681837,15470.647274126695
1556456528.251,19927.768011191652,3603.2211177729555,15471.319940814847
1556456528.501,19927.236583667593,3603.269476014322,15471.992584213116
1556456528.751,19926.705134538184,3603.3178494066688,15472.665204320489
1556456529.001,19926.173663804606,3603.366237950724,15473.337801135956
1556456529.251,19925.642171468033,3603.4146416472227,15474.010374658497
1556456529.501,19925.11065752964,3603.4630604968934,15474.682924887104
1556456529.751,19924.579121990595,3603.5114945004666,15475.355451820764
1556456530.001,19924.047564852084,3603.5599436586726,15476.02795545846
1556456530.251,19923.515986115275,3603.608407972242,15476.70043579918
1556456530.501,19922.984385781347,3603.6568874419067,15477.372892841915
1556456530.751,19922.45276385147,3603.705382068396,15478.045326585649
1556456531.001,19921.921120326828,3603.7538918524397,15478.717737029365
1556456531.251,19921.38945520859,3603.80241679477,15479.39012417206
1556456531.501,19920.85776849793,3603.850956896116,15480.062488012714
1556456531.751,19920.32606019603,3603.899512157209,15480.734828550321
1556456532.001,19919.79433030406,3603.948082578775,15481.407145783858
1556456532.251,19919.262578823196,3603.9966681615488,15482.07943971232
1556456532.501,19918.730805754614,3604.045268906259,15482.75171033469
1556456532.751,19918.199011099496,3604.0938848136357,15483.42395764996
1556456533.001,19917.667194859012,3604.1425158844086,15484.096181657122
1556456533.251,19917.135357034334,3604.1911621193076,15484.768382355149
1556456533.501,19916.603497626646,3604.2398235190612,15485.440559743034
1556456533.751,19916.071616637117,3604.2885000844008,15486.112713819773
1556456534.001,19915.539714066927,3604.3371918160556,15486.784844584345
1556456534.251,19915.00778991725,3604.385898714754,15487.456952035744
1556456534.501,19914.475844189266,3604.4346207812277,15488.129036172948
1556456534.751,19913.943876884146,3604.483358016204,15488.801096994957
1556456535.001,19913.411888003073,3604.5321104204145,15489.473134500746
1556456535.251,19912.879877547217,3604.5808779945874,15490.14514868931
1556456535.501,19912.347845517754,3604.6296607394515,15490.817139559633
1556456535.751,19911.815791915862,3604.678458655737,15491.489107110712
1556456536.001,19911.283716742717,3604.727271744172,15492.161051341529
1556456536.251,19910.7516199995,3604.776100005486,15492.832972251068
1556456536.501,19910.219501687377,3604.8249434404097,15493.504869838314
1556456536.751,19909.68736180754,3604.8738020496703,15494.176744102271
1556456537.001,19909.15520036115,3604.9226758339955,15494.848595041916
1556456537.251,19908.623017349393,3604.9715647941175,15495.520422656238
1556456537.501,19908.090812773444,3605.020468930761,15496.192226944222
1556456537.751,19907.558586634477,3605.0693882446594,15496.864007904864
1556456538.001,19907.02633893367,3605.1183227365386,15497.535765537144
1556456538.251,19906.4940696722,3605.167272407127,15498.207499840057
1556456538.501,19905.96177885125,3605.216237257155,15498.879210812589
1556456538.751,19905.429466471986,3605.2652172873495,15499.550898453723
1556456539.001,19904.897132535592,3605.3142124984392,15500.222562762454
1556456539.251,19904.364777043244,3605.3632228911524,15500.894203737767
1556456539.501,19903.832399996114,3605.412248466218,15501.565821378652
1556456539.751,19903.30000139539,3605.461289224364,15502.237415684096
1556456540.001,19902.76758124224,3605.510345166318,15502.908986653092
1556456540.251,19902.235139537843,3605.559416292809,15503.580534284625
1556456540.501,19901.70267628338,3605.6085026045666,15504.252058577677
1556456540.751,19901.170191480025,3605.6576041023145,15504.92355953125
1556456541.001,19900.637685128953,3605.7067207867835,15505.595037144321
1556456541.251,19900.105157231348,3605.7558526587027,15506.266491415881
1556456541.501,19899.572607788385,3605.804999718797,15506.937922344925
1556456541.751,19899.040036801238,3605.854161967795,15507.609329930438
1556456542.001,19898.507444271087,3605.903339406426,15508.280714171404
1556456542.251,19897.974830199113,3605.952532035418,15508.952075066816
1556456542.501,19897.442194586492,3606.001739855496,15509.62341261567
1556456542.751,19896.909537434396,3606.050962867388,15510.294726816937
1556456543.001,19896.376858744014,3606.100201071822,15510.966017669623
1556456543.251,19895.84415851651,3606.149454469527,15511.637285172706
1556456543.501,19895.311436753072,3606.198723061228,15512.308529325182
1556456543.751,19894.778693454875,3606.2480068476525,15512.979750126036
1556456544.001,19894.2459286231,3606.297305829531,15513.65094757426
1556456544.251,19893.71314225892,3606.346620007587,15514.322121668836
1556456544.501,19893.18033436352,3606.3959493825478,15514.993272408763
1556456544.751,19892.647504938064,3606.445293955142,15515.664399793026
1556456545.001,19892.114653983746,3606.494653726095,15516.33550382061
1556456545.251,19891.58178150174,3606.5440286961357,15517.006584490511
1556456545.501,19891.04888749322,3606.59341886599,15517.67764180171
1556456545.751,19890.51597195937,3606.6428242363845,15518.348675753201
1556456546.001,19889.98303490136,3606.6922448080463,15519.019686343978
1556456546.251,19889.45007632038,3606.741680581702,15519.690673573023
1556456546.501,19888.9170962176,3606.7911315580777,15520.361637439328
1556456546.751,19888.3840945942,3606.8405977379016,15521.032577941885
1556456547.001,19887.85107145136,3606.8900791218975,15521.703495079677
1556456547.251,19887.31802679026,3606.9395757107927,15522.374388851702
1556456547.501,19886.784960612076,3606.9890875053156,15523.045259256942
1556456547.751,19886.251872917994,3607.038614506192,15523.716106294385
1556456548.001,19885.71876370918,3607.088156714146,15524.386929963028
1556456548.251,19885.185632986824,3607.1377141299045,15525.057730261859
1556456548.501,19884.6524807521,3607.1872867541942,15525.728507189866
1556456548.751,19884.119307006185,3607.2368745877416,15526.399260746035
1556456549.001,19883.586111750265,3607.286477631271,15527.069990929369
1556456549.251,19883.052894985514,3607.336095885511,15527.740697738838
1556456549.501,19882.519656713113,3607.3857293511865,15528.411381173446
1556456549.751,19881.98639693424,3607.435378029022,15529.082041232177
1556456550.001,19881.453115650074,3607.485041919745,15529.752677914024
1556456550.251,19880.919812861797,3607.5347210240784,15530.423291217976
1556456550.501,19880.386488570584,3607.584415342751,15531.09388114302
1556456550.751,19879.85314277762,3607.6341248764884,15531.76444768815
1556456551.001,19879.31977548408,3607.683849626014,15532.434990852355
1556456551.251,19878.786386691147,3607.7335895920546,15533.105510634621
1556456551.501,19878.2529764,3607.7833447753355,15533.776007033946
1556456551.751,19877.719544611813,3607.8331151765815,15534.446480049315
1556456552.001,19877.186091327774,3607.882900796517,15535.11692967972
1556456552.251,19876.652616549058,3607.9327016358693,15535.787355924145
1556456552.501,19876.119120276842,3607.982517695361,15536.457758781587
1556456552.751,19875.585602512314,3608.03234897572,15537.128138251031
1556456553.001,19875.052063256648,3608.08219547767,15537.798494331477
1556456553.251,19874.518502511026,3608.132057201938,15538.468827021905
1556456553.501,19873.984920276627,3608.1819341492455,15539.139136321308
1556456553.751,19873.45131655463,3608.2318263203188,15539.809422228682
1556456554.001,19872.917691346218,3608.281733715883,15540.479684743008
1556456554.251,19872.384044652572,3608.3316563366625,15541.149923863286
1556456554.501,19871.850376474868,3608.381594183382,15541.8201395885
1556456554.751,19871.316686814287,3608.4315472567664,15542.490331917641
1556456555.001,19870.782975672013,3608.481515557541,15543.160500849699
1556456555.251,19870.24924304922,3608.531499086428,15543.83064638367
1556456555.501,19869.7154889471,3608.581497844154,15544.500768518541
1556456555.751,19869.18171336682,3608.6315118314415,15545.170867253299
1556456556.001,19868.647916309565,3608.6815410490167,15545.840942586943
1556456556.251,19868.11409777652,3608.731585497603,15546.51099451846
1556456556.501,19867.580257768863,3608.7816451779227,15547.181023046836
1556456556.751,19867.046396287773,3608.831720090704,15547.851028171066
1556456557.001,19866.512513334434,3608.8818102366695,15548.521009890144
1556456557.251,19865.978608910023,3608.9319156165407,15549.190968203053
1556456557.501,19865.444683015725,3608.982036231044,15549.860903108794
1556456557.751,19864.910735652717,3609.032172080902,15550.530814606347
1556456558.001,19864.37676682218,3609.082323166839,15551.200702694707
1556456558.251,19863.8427765253,3609.13248948958,15551.870567372873
1556456558.501,19863.30876476325,3609.1826710498467,15552.540408639827
1556456558.751,19862.774731537218,3609.2328678483645,15553.210226494557
1556456559.001,19862.240676848385,3609.2830798858568,15553.880020936067
1556456559.251,19861.70660069793,3609.333307163045,15554.549791963338
1556456559.496,19861.183185249552,3609.3825446809406,15555.206144852596
1556456559.746,19860.64906660857,3609.4328021348647,15555.875869516705
1556456559.996,19860.114926509486,3609.4830748306404,15556.545570763567
1556456560.246,19859.58076495348,3609.5333627689924,15557.215248592176
1556456560.496,19859.046581941737,3609.583665950645,15557.88490300153
1556456560.746,19858.512377475436,3609.633984376319,15558.554533990617
1556456560.996,19857.97815155576,3609.6843180467395,15559.224141558421
1556456561.246,19857.44390418389,3609.7346669626295,15559.893725703943
1556456561.496,19856.909635361008,3609.785031124711,15560.563286426172
1556456561.746,19856.375345088294,3609.835410533706,15561.232823724094
1556456561.996,19855.84103336693,3609.8858051903408,15561.902337596712
1556456562.246,19855.3067001981,3609.936215095333,15562.571828043005
1556456562.496,19854.772345582987,3609.9866402494104,15563.24129506197
1556456562.746,19854.23796952277,3610.0370806532924,15563.910738652598
1556456562.996,19853.70357201863,3610.0875363077025,15564.580158813886
1556456563.246,19853.16915307175,3610.1380072133643,15565.249555544811
1556456563.496,19852.634712683313,3610.188493370998,15565.918928844381
1556456563.746,19852.100250854506,3610.238994781329,15566.588278711588
1556456563.996,19851.5657675865,3610.2895114450766,15567.257605145405
1556456564.246,19851.03126288049,3610.3400433629663,15567.926908144844
1556456564.496,19850.496736737645,3610.3905905357174,15568.596187708888
1556456564.746,19849.962189159156,3610.441152964054,15569.265443836528
1556456564.996,19849.427620146205,3610.4917306486977,15569.934676526762
1556456565.246,19848.89302969997,3610.542323590369,15570.603885778575
1556456565.496,19848.35841782164,3610.5929317897926,15571.27307159096
1556456565.746,19847.82378451239,3610.6435552476883,15571.942233962913
1556456565.996,19847.28912977341,3610.6941939647795,15572.611372893429
1556456566.246,19846.754453605878,3610.7448479417862,15573.28048838149
1556456566.496,19846.219756010978,3610.7955171794324,15573.949580426091
1556456566.746,19845.685036989893,3610.846201678438,15574.618649026233
1556456566.996,19845.150296543805,3610.8969014395248,15575.287694180897
1556456567.246,19844.615534673896,3610.9476164634143,15575.956715889086
1556456567.496,19844.080751381356,3610.998346750831,15576.625714149784
1556456567.746,19843.545946667356,3611.049092302491,15577.294688961985
1556456567.996,19843.011120533083,3611.0998531191203,15577.96364032468
1556456568.246,19842.47627297973,3611.1506292014374,15578.632568236866
1556456568.496,19841.941404008467,3611.201420550165,15579.301472697538
1556456568.746,19841.406513620484,3611.2522271660246,15579.970353705678
1556456568.996,19840.87160181696,3611.3030490497363,15580.639211260284
1556456569.246,19840.336668599088,3611.3538862020214,15581.308045360354
1556456569.496,19839.801713968038,3611.4047386236,15581.976856004869
1556456569.746,19839.266737925,3611.4556063151967,15582.645643192827
1556456569.996,19838.73174047116,3611.506489277527,15583.31440692323
1556456570.246,19838.196721607696,3611.557387511317,15583.983147195053
1556456570.496,19837.661681335798,3611.6083010172833,15584.651864007305
1556456570.746,19837.126619656643,3611.65922979615,15585.32055735897
1556456570.996,19836.591536571417,3611.7101738486326,15585.989227249036
1556456571.246,19836.056432081303,3611.761133175457,15586.657873676511
1556456571.496,19835.52130618749,3611.8121077773435,15587.326496640377
1556456571.746,19834.98615889115,3611.863097655008,15587.995096139628
1556456571.996,19834.45099019348,3611.914102809177,15588.663672173261
1556456572.246,19833.91580009566,3611.965123240566,15589.332224740268
1556456572.496,19833.38058859887,3612.0161589498975,15590.000753839638
1556456572.746,19832.845355704296,3612.06720993789,15590.669259470364
1556456572.996,19832.31010141312,3612.1182762052663,15591.337741631447
1556456573.253,19831.759837699396,3612.170788255993,15592.024916827399
1556456573.503,19831.224540019553,3612.221885512167,15592.693351388934
1556456573.753,19830.689220946697,3612.272998049905,15593.361762477783
1556456574.003,19830.15388048201,3612.3241258699227,15594.03015009292
1556456574.253,19829.618518626678,3612.3752689729445,15594.69851423335
1556456574.503,19829.083135381887,3612.4264273596887,15595.36685489806
1556456574.753,19828.547730748815,3612.477601030875,15596.035172086045
1556456575.003,19828.01230472865,3612.528789987223,15596.703465796305
1556456575.253,19827.476857322577,3612.579994229452,15597.37173602782
1556456575.503,19826.941388531784,3612.6312137582795,15598.039982779599
1556456575.753,19826.405898357454,3612.6824485744305,15598.708206050622
1556456576.003,19825.870386800765,3612.7336986786213,15599.376405839888
1556456576.253,19825.33485386291,3612.7849640715694,15600.04458214639
1556456576.503,19824.79929954507,3612.8362447539957,15600.712734969133
1556456576.753,19824.263723848428,3612.8875407266196,15601.380864307088
1556456577.003,19823.728126774175,3612.938851990162,15602.048970159263
1556456577.253,19823.19250832349,3612.9901785453394,15602.717052524651
1556456577.503,19822.65686849756,3613.041520392872,15603.385111402244
1556456577.753,19822.12120729757,3613.092877533478,15604.053146791037
1556456578.003,19821.585524724705,3613.144249967878,15604.721158690016
1556456578.253,19821.049820780147,3613.1956376967873,15605.389147098187
1556456578.503,19820.51409546509,3613.2470407209303,15606.05711201454
1556456578.753,19819.97834878071,3613.2984590410215,15606.725053438062
1556456579.003,19819.442580728195,3613.3498926577795,15607.392971367753
1556456579.253,19818.906791308735,3613.4013415719246,15608.060865802607
1556456579.503,19818.370980523512,3613.4528057841767,15608.728736741621
1556456579.753,19817.835148373706,3613.5042852952506,15609.396584183782
1556456580.003,19817.299294860513,3613.5557801058685,15610.064408128092
1556456580.253,19816.76341998511,3613.6072902167452,15610.732208573536
1556456580.503,19816.227523748687,3613.6588156286025,15611.39998551911
1556456580.753,19815.691606152424,3613.7103563421556,15612.067738963815
1556456581.003,19815.155667197516,3613.761912358125,15612.735468906641
1556456581.253,19814.619706885143,3613.813483677227,15613.403175346579
1556456581.503,19814.083725216493,3613.8650703001817,15614.070858282623
1556456581.753,19813.547722192747,3613.916672227706,15614.738517713777
1556456582.003,19813.011697815095,3613.9682894605176,15615.406153639029
1556456582.253,19812.475652084722,3614.019921999334,15616.073766057369
1556456582.503,19811.939585002816,3614.0715698448753,15616.741354967802
1556456582.753,19811.403496570558,3614.1232329978566,15617.408920369311
1556456583.003,19810.867386789145,3614.1749114589975,15618.076462260902
1556456583.253,19810.331255659745,3614.2266052290142,15618.74398064156
1556456583.503,19809.795103183562,3614.2783143086253,15619.411475510286
1556456583.753,19809.258929361775,3614.330038698548,15620.078946866066
1556456584.003,19808.722734195566,3614.381778399499,15620.746394707905
1556456584.253,19808.18651768613,3614.433533412198,15621.413819034791
1556456584.503,19807.65027983465,3614.4853037373596,15622.08121984572
1556456584.753,19807.114020642308,3614.537089375703,15622.748597139693
1556456585.003,19806.577740110293,3614.588890327944,15623.415950915696
1556456585.253,19806.041438239794,3614.6407065948006,15624.083281172727
1556456585.503,19805.505115031996,3614.692538176991,15624.750587909784
1556456585.753,19804.968770488085,3614.7443850752306,15625.417871125854
1556456586.003,19804.43240460925,3614.796247290238,15626.085130819938
1556456586.253,19803.896017396677,3614.848124822726,15626.752366991033
1556456586.503,19803.35960885155,3614.900017673416,15627.419579638132
1556456586.753,19802.823178975064,3614.9519258430237,15628.086768760222
1556456587.003,19802.286727768394,3615.0038493322654,15628.753934356308
1556456587.253,19801.750255232735,3615.055788141857,15629.421076425384
1556456587.503,19801.213761369272,3615.1077422725157,15630.088194966447
1556456587.753,19800.67724617919,3615.159711724959,15630.755289978479
1556456588.003,19800.140709663683,3615.2116964999022,15631.422361460493
1556456588.253,19799.60415182393,3615.2636965980623,15632.08940941147
1556456588.503,19799.067572661123,3615.315712020156,15632.756433830418
1556456588.753,19798.530972176446,3615.367742766899,15633.423434716318
1556456589.003,19797.99435037109,3615.419788839006,15634.09041206818
1556456589.253,19797.45770724624,3615.471850237197,15634.757365884987
1556456589.503,19796.921042803082,3615.523926962184,15635.42429616574
1556456589.753,19796.384357042807,3615.576019014687,15636.091202909432
1556456590.003,19795.847649966607,3615.628126395419,15636.758086115067
1556456590.253,19795.310921575656,3615.6802491050976,15637.424945781633
1556456590.503,19794.77417187115,3615.732387144437,15638.091781908126
1556456590.753,19794.23740085428,3615.7845405141543,15638.758594493542
1556456591.003,19793.70060852623,3615.8367092149642,15639.42538353688
1556456591.253,19793.163794888183,3615.8888932475843,15640.09214903713
1556456591.503,19792.626959941335,3615.9410926127302,15640.758890993286
1556456591.753,19792.090103686867,3615.993307311115,15641.425609404352
1556456592.003,19791.553226125972,3616.045537343456,15642.092304269325
1556456592.253,19791.016327259837,3616.09778271047,15642.758975587192
1556456592.503,19790.47940708965,3616.1500434128675,15643.42562335695
1556456592.753,19789.942465616594,3616.2023194513686,15644.092247577602
1556456593.003,19789.405502841866,3616.254610826687,15644.758848248137
1556456593.253,19788.86851876665,3616.3069175395367,15645.42542536755
1556456593.503,19788.33151339213,3616.359239590636,15646.091978934848
1556456593.753,19787.794486719504,3616.4115769806967,15646.758508949017
1556456594.003,19787.25743874995,3616.463929710437,15647.425015409051
1556456594.253,19786.720369484665,3616.5162977805667,15648.091498313956
1556456594.503,19786.18327892483,3616.568681191805,15648.757957662721
1556456594.753,19785.646167071638,3616.621079944867,15649.424393454345
1556456595.003,19785.109033926277,3616.673494040466,15650.090805687825
1556456595.253,19784.571879489937,3616.7259234793164,15650.757194362151
1556456595.503,19784.034703763802,3616.778368262133,15651.423559476327
1556456595.753,19783.497506749067,3616.830828389631,15652.089901029343
1556456596.003,19782.960288446913,3616.8833038625253,15652.756219020204
1556456596.253,19782.423048858538,3616.9357946815294,15653.422513447898
1556456596.503,19781.885787985124,3616.988300847358,15654.088784311421
1556456596.753,19781.34850582786,3617.0408223607255,15654.755031609773
1556456597.003,19780.81120238794,3617.0933592223464,15655.42125534195
1556456597.253,19780.27387766655,3617.145911432934,15656.087455506953
1556456597.503,19779.736531664876,3617.198478993204,15656.753632103777
1556456597.753,19779.199164384114,3617.25106190387,15657.419785131406
1556456598.003,19778.661775825447,3617.303660165645,15658.085914588857
1556456598.253,19778.12436599007,3617.356273779244,15658.752020475113
1556456598.503,19777.586934879164,3617.408902745381,15659.418102789172
1556456598.753,19777.049482493923,3617.461547064768,15660.08416153003
1556456599.003,19776.51200883554,3617.5142067381203,15660.750196696692
1556456599.253,19775.974513905203,3617.5668817661526,15661.416208288145
1556456599.503,19775.436997704095,3617.619572149578,15662.082196303396
1556456599.753,19774.89946023341,3617.672277889109,15662.74816074143
1556456600.003,19774.36190149434,3617.7249989854595,15663.41410160125
1556456600.253,19773.824321488075,3617.777735439344,15664.080018881858
1556456600.503,19773.286720215798,3617.8304872514746,15664.745912582242
1556456600.753,19772.749097678705,3617.883254422567,15665.411782701405
1556456601.003,19772.21145387798,3617.9360369533297,15666.077629238342
1556456601.253,19771.67378881482,3617.988834844481,15666.743452192048
1556456601.503,19771.13610249041,3618.0416480967324,15667.409251561523
1556456601.753,19770.59839490594,3618.0944767107962,15668.075027345767
1556456602.003,19770.0606660626,3618.147320687386,15668.740779543768
1556456602.253,19769.522915961585,3618.2001800272146,15669.406508154534
1556456602.503,19768.985144604085,3618.253054730996,15670.072213177056
1556456602.753,19768.44735199128,3618.305944799441,15670.73789461033
1556456603.003,19767.909538124364,3618.3588502332645,15671.403552453357
1556456603.253,19767.371703004537,3618.411771033179,15672.069186705132
1556456603.503,19766.83384663298,3618.464707199895,15672.734797364657
1556456603.753,19766.295969010884,3618.517658734128,15673.400384430923
1556456604.003,19765.75807013944,3618.5706256365875,15674.065947902935
1556456604.253,19765.220150019843,3618.623607907989,15674.731487779682
1556456604.503,19764.682208653277,3618.6766055490434,15675.397004060167
1556456604.753,19764.144246040938,3618.7296185604637,15676.062496743383
1556456605.003,19763.606262184017,3618.7826469429638,15676.727965828337
1556456605.253,19763.068257083698,3618.8356906972504,15677.393411314017
1556456605.503,19762.530230741173,3618.8887498240415,15678.058833199422
1556456605.753,19761.99218315764,3618.941824324048,15678.724231483557
1556456606.003,19761.45411433428,3618.994914197979,15679.389606165412
1556456606.253,19760.916024272294,3619.0480194465495,15680.054957243989
1556456606.503,19760.377912972865,3619.1011400704706,15680.720284718285
1556456606.753,19759.83978043719,3619.1542760704533,15681.385588587294
1556456607.003,19759.301626666456,3619.2074274472116,15682.050868850023
1556456607.253,19758.763451661853,3619.2605942014543,15682.716125505456
1556456607.503,19758.225255424575,3619.313776333897,15683.381358552604
1556456607.753,19757.68703795581,3619.3669738452477,15684.046567990466
1556456608.003,19757.148799256756,3619.42018673622,15684.711753818025
1556456608.253,19756.610539328598,3619.4734150075255,15685.376916034296
1556456608.503,19756.072258172528,3619.5266586598727,15686.04205463826
1556456608.753,19755.53395578974,3619.5799176939768,15686.707169628935
1556456609.003,19754.99563218142,3619.6331921105475,15687.372261005305
1556456609.253,19754.457287348767,3619.686481910296,15688.037328766372
1556456609.503,19753.918921292967,3619.739787093933,15688.702372911135
1556456609.753,19753.380534015214,3619.7931076621708,15689.367393438588
1556456610.003,19752.8421255167,3619.8464436157215,15690.03239034774
1556456610.253,19752.303695798615,3619.899794955293,15690.697363637577
1556456610.503,19751.765244862152,3619.9531616815984,15691.362313307105
1556456610.753,19751.2267727085,3620.006543795347,15692.027239355324
1556456611.003,19750.688279338858,3620.0599412972524,15692.692141781223
1556456611.253,19750.14976475441,3620.1133541880235,15693.357020583804
1556456611.503,19749.61122895635,3620.166782468371,15694.021875762071
1556456611.753,19749.072671945873,3620.2202261390057,15694.68670731502
1556456612.003,19748.534093724167,3620.273685200639,15695.351515241651
1556456612.253,19747.995494292423,3620.3271596539807,15696.016299540963
1556456612.503,19747.456873651845,3620.3806494997416,15696.681060211948
1556456612.753,19746.918231803607,3620.4341547386302,15697.345797253613
1556456613.003,19746.37956874892,3620.4876753713606,15698.01051066495
1556456613.253,19745.84088448896,3620.5412113986404,15698.675200444963
1556456613.503,19745.302179024926,3620.59476282118,15699.339866592647
1556456613.753,19744.763452358013,3620.6483296396914,15700.004509107002
1556456614.003,19744.22470448941,3620.7019118548806,15700.669127987028
1556456614.253,19743.68593542031,3620.7555094674635,15701.333723231724
1556456614.503,19743.14714515191,3620.809122478145,15701.99829484009
1556456614.753,19742.608333685395,3620.862750887639,15702.662842811122
1556456615.003,19742.069501021964,3620.916394696651,15703.327367143818
1556456615.253,19741.530647162806,3620.970053905893,15703.99186783718
1556456615.503,19740.991772109115,3621.0237285160774,15704.656344890209
1556456615.753,19740.45287586208,3621.077418527911,15705.320798301902
1556456616.003,19739.913958422905,3621.1311239421034,15705.985228071258
1556456616.253,19739.37501979277,3621.184844759364,15706.649634197278
1556456616.503,19738.836059972873,3621.238580980402,15707.31401667896
1556456616.753,19738.297078964406,3621.29233260593,15707.9783755153
1556456617.003,19737.75807676857,3621.346099636653,15708.642710705299
1556456617.253,19737.219053386547,3621.399882073284,15709.307022247962
1556456617.503,19736.68000881953,3621.45367991653,15709.971310142282
1556456617.753,19736.140943068724,3621.5074931670997,15710.63557438726
1556456618.003,19735.601856135312,3621.561321825704,15711.2998149819
1556456618.253,19735.062748020493,3621.615165893051,15711.964031925188
1556456618.503,19734.523618725456,3621.6690253698503,15712.62822521614
1556456618.753,19733.984468251398,3621.7229002568115,15713.29239485375
1556456619.003,19733.445296599508,3621.77679055464,15713.956540837014
1556456619.253,19732.906103770983,3621.83069626405,15714.620663164937
1556456619.503,19732.366889767018,3621.884617385746,15715.284761836516
1556456619.753,19731.8276545888,3621.9385539204386,15715.948836850745
1556456620.003,19731.288398237528,3621.992505868836,15716.612888206633
1556456620.253,19730.749120714398,3622.046473231646,15717.276915903174
1556456620.503,19730.2098220206,3622.100456009579,15717.94091993937
1556456620.753,19729.67050215732,3622.1544542033403,15718.604900314225
1556456621.003,19729.131161125773,3622.2084678136425,15719.268857026731
1556456621.253,19728.591798927133,3622.26249684119,15719.932790075887
1556456621.503,19728.0524155626,3622.3165412866933,15720.596699460704
1556456621.753,19727.513011033374,3622.37060115086,15721.260585180175
1556456622.003,19726.973585340642,3622.424676434397,15721.924447233305
1556456622.253,19726.434138485598,3622.4787671380145,15722.58828561908
1556456622.503,19725.89467046944,3622.5328732624203,15723.252100336515
1556456622.753,19725.355181293362,3622.586994808321,15723.9158913846
1556456623.003,19724.815670958553,3622.641131776426,15724.579658762352
1556456623.253,19724.276139466216,3622.69528416744,15725.243402468754
1556456623.503,19723.73658681754,3622.7494519820752,15725.90712250281
1556456623.753,19723.19701301372,3622.8036352210365,15726.570818863522
1556456624.003,19722.657418055947,3622.8578338850343,15727.234491549887
1556456624.253,19722.117801945424,3622.9120479747708,15727.898140560916
1556456624.503,19721.578164683335,3622.9662774909584,15728.561765895596
1556456624.753,19721.038506270885,3623.020522434304,15729.22536755294
1556456625.003,19720.498826709263,3623.074782805512,15729.888945531937
1556456625.253,19719.959125999667,3623.1290586052937,15730.552499831592
1556456625.503,19719.419404143286,3623.183349834352,15731.216030450913
1556456625.753,19718.87966114132,3623.2376564933984,15731.879537388893
1556456626.003,19718.33989699496,3623.2919785831377,15732.543020644527
1556456626.253,19717.800111705405,3623.3463161042773,15733.206480216824
1556456626.503,19717.26030527385,3623.4006690575243,15733.869916104784
1556456626.753,19716.720477701485,3623.4550374435858,15734.533328307407
1556456627.003,19716.180628989507,3623.5094212631693,15735.196716823695
1556456627.253,19715.640759139118,3623.5638205169803,15735.860081652649
1556456627.503,19715.1008681515,3623.6182352057267,15736.523422793263
1556456627.753,19714.56095602786,3623.6726653301153,15737.186740244542
1556456628.003,19714.02102276939,3623.7271108908517,15737.850034005489
1556456628.253,19713.481068377285,3623.7815718886436,15738.513304075106
1556456628.503,19712.94109285274,3623.836048324196,15739.17655045239
1556456628.753,19712.401096196947,3623.8905401982165,15739.839773136344
1556456629.003,19711.861078411108,3623.9450475114127,15740.50297212597
1556456629.253,19711.32103949641,3623.9995702644883,15741.166147420266
1556456629.503,19710.780979454063,3624.0541084581514,15741.829299018238
1556456629.753,19710.24089828525,3624.1086620931073,15742.492426918885
1556456630.003,19709.700795991164,3624.163231170063,15743.155531121203
1556456630.253,19709.160672573016,3624.217815689725,15743.8186116242
1556456630.503,19708.62052803199,3624.272415652799,15744.481668426874
1556456630.753,19708.08036236928,3624.327031059989,15745.144701528228
1556456631.003,19707.540175586095,3624.3816619120025,15745.80771092726
1556456631.253,19706.999967683616,3624.436308209546,15746.470696622979
1556456631.503,19706.459738663045,3624.4909699533246,15747.133658614377
1556456631.753,19705.919488525582,3624.545647144045,15747.796596900462
1556456632.003,19705.379217272417,3624.6003397824106,15748.459511480236
1556456632.253,19704.83892490475,3624.6550478691283,15749.122402352688
1556456632.503,19704.298611423776,3624.7097714049037,15749.78526951684
1556456632.753,19703.758276830697,3624.7645103904433,15750.44811297168
1556456633.003,19703.217921126692,3624.819264826451,15751.110932716212
1556456633.253,19702.67754431298,3624.874034713633,15751.773728749435
1556456633.503,19702.137146390738,3624.9288200526944,15752.436501070359
1556456633.753,19701.596727361175,3624.9836208443394,15753.099249677976
1556456634.003,19701.05628722549,3625.0384370892752,15753.761974571298
1556456634.253,19700.515825984858,3625.093268788205,15754.424675749317
